138.92742,35.37245
138.9279,35.37262
138.92813,35.37277
138.92838,35.37292
138.92862,35.37307
138.9288599,35.37323
138.9291,35.37338
138.92935,35.37353
138.92959,35.37368
138.92981,35.37384
138.93004,35.37399
138.93027,35.37414
138.93049,35.37429
138.9307,35.37445
138.9309199,35.3746099
138.93114,35.37477
138.93136,35.37493
138.9316,35.3750799
138.93183,35.37525
138.93205,35.37541
138.93228,35.37558
138.93251,35.37574
138.93275,35.37591
138.9329799,35.37608
138.93323,35.37625
138.93346,35.37641
138.93366,35.37657
138.93384,35.3767
138.93401,35.37672
138.93414,35.37662
138.93432,35.37657
138.93452,35.37659
138.93464,35.37673
138.93471,35.3769
138.93474,35.37708
138.93465,35.37721
138.93449,35.37723
138.93434,35.37714
138.93421,35.3771
138.93416,35.37717
138.93426,35.37727
138.93442,35.3774
138.9345899,35.37755
138.93469,35.37764
138.9348599,35.37763
138.9349499,35.3776
138.93503,35.37757
138.93511,35.3775199
138.93523,35.37741
138.93528,35.3773399
138.9353099,35.37727
138.93533,35.37719
138.93534,35.37702
138.93536,35.37694
138.93537,35.37685
138.93538,35.37677
138.9353999,35.37659
138.93542,35.3765
138.93544,35.37641
138.93545,35.37632
138.93545,35.37614
138.93545,35.37605
138.93544,35.37595
138.93543,35.37586
138.93541,35.37577
138.93535,35.37559
138.93532,35.3755
138.93529,35.37542
138.93521,35.37527
138.93516,35.3752
138.93511,35.37513
138.93506,35.37507
138.93501,35.375
138.93491,35.37489
138.93485,35.37483
138.9348,35.37478
138.9346799,35.37467
138.93462,35.37462
138.9345,35.3745199
138.93444,35.37447
138.93432,35.37436
138.93426,35.37431
138.93419,35.37426
138.93407,35.37415
138.934,35.3741
138.93394,35.3740499
138.93381,35.37394
138.93375,35.37389
138.93368,35.37383
138.93362,35.37377
138.93356,35.37372
138.9334299,35.37361
138.93336,35.37356
138.9333,35.3735
138.93323,35.37345
138.93311,35.37334
138.93305,35.37329
138.93299,35.37323
138.93293,35.37318
138.93281,35.37307
138.93275,35.37301
138.9327,35.37295
138.93264,35.3729
138.93253,35.37278
138.93247,35.37273
138.93242,35.37267
138.93236,35.37261
138.93225,35.3725
138.93219,35.37245
138.93213,35.37239
138.93208,35.37233
138.93197,35.37221
138.93193,35.37215
138.93189,35.37209
138.93187,35.37202
138.93187,35.37187
138.93189,35.3718
138.93192,35.37173
138.93201,35.3716099
138.93207,35.37155
138.93212,35.37149
138.93217,35.37144
138.93223,35.37137
138.93234,35.37125
138.93239,35.37119
138.93244,35.37113
138.9325,35.37107
138.93261,35.37095
138.93266,35.37089
138.9327099,35.37082
138.93277,35.37076
138.93282,35.3707
138.93293,35.37059
138.93299,35.37053
138.93305,35.37048
138.9332,35.37039
138.93328,35.37035
138.93355,35.37027
138.93365,35.37025
138.93386,35.37024
138.9339699,35.37025
138.9342,35.37025
138.93431,35.37026
138.93442,35.37026
138.93464,35.37027
138.93474,35.37027
138.93485,35.37027
138.93496,35.37027
138.93518,35.37028
138.93529,35.37028
138.9353999,35.37028
138.93552,35.37029
138.93575,35.3703
138.93587,35.37031
138.93599,35.37031
138.93611,35.37032
138.93623,35.37032
138.93647,35.37032
138.93659,35.37033
138.93671,35.37033
138.93684,35.37033
138.93707,35.37034
138.93718,35.37032
138.9373,35.37031
138.93741,35.37028
138.9376399,35.37021
138.93776,35.37017
138.93787,35.37012
138.93798,35.37007
138.93817,35.3699299
138.93826,35.36986
138.93834,35.36979
138.93841,35.36971
138.93852,35.36954
138.93857,35.3694599
138.93861,35.36938
138.93864,35.36929
138.93873,35.36907
138.93878,35.36873
138.93874,35.36839
138.93859,35.36809
138.93838,35.36786
138.93821,35.36771
138.93814,35.36755
138.93835,35.3673
138.93852,35.36714
138.93857,35.36708
138.93868,35.36695
138.93875,35.36688
138.93881,35.36682
138.93887,35.36674
138.93892,35.36667
138.9389799,35.3666
138.93903,35.36652
138.93909,35.36645
138.93915,35.36638
138.93922,35.36631
138.93928,35.36624
138.9393399,35.3661699
138.93941,35.3661
138.93947,35.36603
138.93954,35.36596
138.9396,35.36588
138.93967,35.36581
138.93973,35.36573
138.9397899,35.36566
138.93985,35.36559
138.94023,35.36512
138.94029,35.3650499
138.94035,35.36498
138.94041,35.36491
138.94047,35.36484
138.94052,35.36477
138.94058,35.36471
138.94076,35.36449
138.94082,35.36441
138.94087,35.36434
138.94093,35.36426
138.94099,35.36418
138.94111,35.36401
138.94117,35.36393
138.94123,35.36385
138.94129,35.36377
138.94135,35.36368
138.94141,35.36359
138.94148,35.36349
138.94154,35.3634
138.94161,35.3633
138.94168,35.36319
138.94174,35.36309
138.94181,35.36298
138.94188,35.36287
138.94194,35.36276
138.94201,35.36265
138.94207,35.36254
138.94214,35.36243
138.94221,35.3623
138.94229,35.36219
138.94236,35.36206
138.94243,35.36193
138.9424699,35.36179
138.94251,35.36165
138.94252,35.36151
138.94252,35.36136
138.9425,35.36121
138.9424699,35.36107
138.94244,35.36093
138.94241,35.36079
138.94237,35.36066
138.94234,35.36054
138.94231,35.3604
138.94228,35.36028
138.94226,35.3601699
138.94224,35.36007
138.94222,35.3599699
138.94222,35.35989
138.94222,35.3598
138.94222,35.35974
138.94222,35.35967
138.94222,35.35962
138.94223,35.35957
138.94224,35.35952
138.94225,35.35948
138.94226,35.35943
138.94227,35.35939
138.94228,35.35935
138.94229,35.35931
138.94229,35.35928
138.9423,35.35925
138.94231,35.35921
138.94232,35.35918
138.94232,35.35915
138.94236,35.35905
138.94237,35.35902
138.94238,35.35898
138.94238,35.35895
138.94239,35.35892
138.94243,35.35884
138.94244,35.35881
138.94246,35.35879
138.9424699,35.3587599
138.94248,35.35874
138.94252,35.35869
138.94253,35.35866
138.94254,35.35864
138.9425599,35.35862
138.94258,35.3586
138.9426,35.35857
138.94267,35.35846
138.94268,35.35844
138.9427,35.35842
138.94271,35.3584
138.94273,35.35837
138.9427399,35.35835
138.94284,35.35822
138.94287,35.35818
138.94289,35.35816
138.9429,35.35814
138.94291,35.35812
138.94293,35.3581
138.9430099,35.35803
138.94306,35.35797
138.94308,35.35796
138.94309,35.35794
138.94311,35.35793
138.94313,35.3579099
138.94316,35.35787
138.94318,35.35786
138.9431899,35.35784
138.94321,35.3578199
138.94322,35.3578
138.94323,35.35779
138.9433,35.35771
138.94339,35.3576
138.94341,35.35758
138.94342,35.35757
138.94344,35.35755
138.9434599,35.3575299
138.94363,35.35734
138.94381,35.35714
138.94395,35.35698
138.944,35.35694
138.94403,35.35692
138.94405,35.3569
138.94407,35.3568799
138.94408,35.35686
138.94413,35.35683
138.94432,35.35666
138.94452,35.35648
138.94467,35.35633
138.94477,35.35624
138.94478,35.35624
138.94479,35.3562299
138.94416,35.35551
138.9444,35.35513
138.94464,35.35436
138.94474,35.35391
138.94484,35.35346
138.94484,35.3531199
138.9447999,35.3529399
138.94475,35.35281
138.94473,35.35261
138.94474,35.35245
138.94482,35.35218
138.94482,35.35206
138.94451,35.35148
138.94447,35.3513499
138.94447,35.35119
138.94449,35.3511
138.94483,35.35058
138.94495,35.35038
138.94494,35.3502
138.94499,35.35007
138.94494,35.35008
138.94488,35.3501
138.94483,35.35011
138.94476,35.3501199
138.94469,35.35013
138.94463,35.35014
138.94457,35.35015
138.9445,35.35016
138.9444399,35.35017
138.94438,35.35018
138.94431,35.35019
138.94424,35.3502
138.94418,35.35022
138.94411,35.35023
138.94404,35.35024
138.94397,35.35025
138.9439,35.35026
138.94383,35.35028
138.94375,35.35029
138.94368,35.3503
138.9436,35.35032
138.94352,35.35033
138.94344,35.35034
138.9433699,35.35036
138.94329,35.35037
138.94321,35.35038
138.94314,35.3504
138.94306,35.3504099
138.94298,35.35042
138.94291,35.35044
138.9428299,35.35045
138.94275,35.35046
138.94268,35.35048
138.9426,35.35049
138.94252,35.35051
138.94244,35.35052
138.94236,35.35053
138.94228,35.35055
138.9422,35.35056
138.94212,35.35058
138.94203,35.3505899
138.94195,35.35061
138.94187,35.35062
138.94179,35.35064
138.94171,35.35065
138.94163,35.35066
138.94155,35.3506799
138.94147,35.35069
138.94139,35.35071
138.9413099,35.35072
138.94124,35.35074
138.94116,35.35076
138.94109,35.35078
138.94102,35.35082
138.9409499,35.35085
138.94089,35.3509
138.94083,35.35094
138.9407699,35.35098
138.94072,35.35103
138.94066,35.35107
138.9405899,35.35111
138.94054,35.3511499
138.94048,35.3512
138.94042,35.35124
138.94036,35.35128
138.9403,35.35132
138.94025,35.35137
138.94019,35.35141
138.94014,35.35145
138.94008,35.35148
138.94003,35.35152
138.93997,35.35156
138.93992,35.3516
138.93987,35.35165
138.93981,35.35168
138.93976,35.35172
138.9396999,35.35176
138.93965,35.35179
138.9396,35.35183
138.93955,35.35187
138.93949,35.3519099
138.93944,35.35195
138.93938,35.35199
138.93933,35.35202
138.93928,35.35206
138.93923,35.3521
138.93918,35.35214
138.93913,35.35218
138.93908,35.35221
138.93903,35.35225
138.9389799,35.35229
138.93893,35.35233
138.93888,35.35237
138.93883,35.35241
138.93878,35.35245
138.93874,35.3525
138.9387,35.35254
138.93865,35.35258
138.9386199,35.35262
138.93858,35.35267
138.93854,35.35271
138.93851,35.35275
138.93847,35.35279
138.93843,35.35283
138.9384,35.35287
138.93836,35.3529
138.93833,35.3529399
138.9383,35.35298
138.93826,35.35301
138.93823,35.35305
138.9382,35.35309
138.93816,35.35313
138.93813,35.35317
138.93809,35.35321
138.93806,35.35325
138.93803,35.35328
138.93799,35.3533199
138.93796,35.35336
138.93793,35.3534
138.9379,35.35343
138.93788,35.35346
138.93785,35.35349
138.93783,35.35352
138.9378,35.35355
138.93778,35.35358
138.93775,35.3536
138.9377299,35.35363
138.93771,35.35366
138.93768,35.35369
138.93765,35.35372
138.93762,35.35375
138.93759,35.35378
138.9375499,35.35381
138.93751,35.35384
138.93748,35.35387
138.93744,35.35389
138.93741,35.35391
138.93736,35.35393
138.93732,35.35394
138.93727,35.35396
138.93723,35.3539699
138.93718,35.35398
138.93714,35.35399
138.9370999,35.354
138.93707,35.354
138.93702,35.35401
138.93698,35.35402
138.93694,35.35402
138.9369,35.35402
138.93686,35.35402
138.9368299,35.35403
138.93679,35.35402
138.93676,35.35402
138.93671,35.35401
138.93667,35.35401
138.93663,35.354
138.93659,35.354
138.93655,35.354
138.93651,35.35399
138.93647,35.35398
138.93643,35.3539699
138.93638,35.3539699
138.93634,35.35396
138.93629,35.35395
138.93625,35.35395
138.93621,35.35394
138.93617,35.35394
138.93613,35.35393
138.93608,35.35392
138.93605,35.35391
138.936,35.3539
138.93596,35.3539
138.93592,35.35389
138.93587,35.35387
138.93583,35.35387
138.93579,35.35386
138.93575,35.35386
138.93571,35.35385
138.9356699,35.35385
138.93563,35.35384
138.93559,35.35383
138.93555,35.35383
138.9355,35.35383
138.93545,35.35382
138.9353999,35.35381
138.93535,35.35381
138.9353,35.3538
138.93525,35.3537899
138.9352,35.3537899
138.93514,35.35378
138.93509,35.35378
138.93503,35.35377
138.93497,35.35376
138.93492,35.35376
138.9348599,35.35375
138.9348,35.35374
138.93474,35.35373
138.9346799,35.35372
138.93462,35.35372
138.93456,35.35371
138.9345,35.35371
138.93443,35.3537
138.93437,35.3537
138.93431,35.35369
138.93424,35.35368
138.93417,35.35367
138.9341,35.35366
138.93404,35.35365
138.9339699,35.35364
138.93391,35.35363
138.93385,35.35361
138.93378,35.3536
138.9336999,35.35358
138.93362,35.35357
138.93354,35.35356
138.93346,35.35355
138.93338,35.35354
138.9333,35.35353
138.93322,35.35351
138.93314,35.3534999
138.93306,35.35348
138.93297,35.35347
138.9328899,35.35346
138.93281,35.35344
138.93272,35.35342
138.93263,35.3534099
138.93253,35.35339
138.93244,35.35337
138.93235,35.35336
138.93226,35.35334
138.93216,35.35331
138.93207,35.35329
138.93197,35.35327
138.93187,35.35324
138.93177,35.35322
138.93167,35.3532
138.93157,35.35318
138.93148,35.35316
138.93138,35.35314
138.9312799,35.3531199
138.93118,35.3531
138.93109,35.35308
138.93099,35.35306
138.93089,35.35304
138.93079,35.35302
138.93069,35.353
138.9306,35.35298
138.9305,35.35296
138.9304,35.35295
138.9303,35.35293
138.9302,35.35291
138.9301,35.35289
138.93,35.35288
138.92991,35.35286
138.92981,35.35284
138.92971,35.35282
138.92962,35.3528
138.92953,35.35278
138.92944,35.35277
138.92934,35.35275
138.92925,35.35273
138.92916,35.35272
138.92907,35.3527
138.92899,35.35268
138.9289,35.35266
138.92881,35.35265
138.92871,35.35264
138.92862,35.35263
138.92853,35.35262
138.92844,35.35262
138.92835,35.35261
138.92826,35.35261
138.92816,35.3526
138.92807,35.3526
138.92798,35.35259
138.92789,35.35259
138.92781,35.35258
138.92772,35.35258
138.92764,35.35258
138.92756,35.35258
138.92748,35.35258
138.92739,35.35258
138.92732,35.35258
138.92723,35.35258
138.92715,35.35258
138.92706,35.35257
138.9269799,35.35257
138.9269,35.35258
138.92682,35.35258
138.92673,35.35258
138.92665,35.35258
138.92656,35.35257
138.92647,35.3525599
138.92638,35.35255
138.92629,35.35254
138.92621,35.35253
138.92612,35.35252
138.92604,35.35252
138.92596,35.35251
138.92588,35.35251
138.92581,35.3525
138.9257299,35.3525
138.92566,35.3525
138.92558,35.3525
138.9255,35.35249
138.92543,35.35249
138.92535,35.35248
138.9252799,35.35248
138.92521,35.35248
138.92514,35.3524699
138.92507,35.3524699
138.925,35.35246
138.92493,35.35246
138.92486,35.35246
138.9248,35.35245
138.92473,35.35245
138.92466,35.35245
138.92459,35.35245
138.92453,35.35244
138.92446,35.35244
138.92439,35.35244
138.92432,35.35244
138.92425,35.35244
138.92418,35.35244
138.92411,35.35244
138.92402,35.35244
138.9239399,35.35244
138.9238499,35.35244
138.9237599,35.35244
138.92368,35.35243
138.92359,35.35243
138.92351,35.35243
138.92343,35.35243
138.92335,35.35243
138.92328,35.35243
138.92321,35.35243
138.9231299,35.35243
138.92306,35.35242
138.92298,35.35242
138.92291,35.35242
138.92284,35.35242
138.92276,35.35242
138.92269,35.35242
138.92261,35.35242
138.92254,35.35243
138.92247,35.35244
138.9224,35.35245
138.92232,35.35246
138.92225,35.35248
138.92218,35.35249
138.92211,35.3525
138.92204,35.35252
138.92198,35.35255
138.92192,35.35257
138.92185,35.35259
138.9217899,35.35261
138.92174,35.35263
138.92168,35.35266
138.92163,35.35268
138.92159,35.35271
138.92154,35.35273
138.92149,35.35276
138.92144,35.35277
138.92139,35.35279
138.9213399,35.35281
138.92129,35.35283
138.92124,35.3528499
138.92118,35.35288
138.92113,35.3529
138.92108,35.35293
138.92103,35.35295
138.9209799,35.35297
138.92094,35.35299
138.92089,35.353
138.92085,35.35301
138.9208,35.35302
138.92076,35.35304
138.92071,35.35306
138.92068,35.35307
138.92064,35.35308
138.92059,35.35309
138.92054,35.3531
138.92049,35.35311
138.92044,35.35313
138.92039,35.35316
138.92033,35.35318
138.92026,35.35319
138.9202,35.35321
138.92013,35.35323
138.92005,35.35325
138.91996,35.35327
138.91986,35.35328
138.91977,35.3533
138.91968,35.35331
138.91959,35.3533199
138.91949,35.35333
138.91939,35.35334
138.9193,35.35334
138.91921,35.35335
138.91912,35.35336
138.91903,35.35337
138.91894,35.35338
138.91885,35.35339
138.91876,35.3534
138.91867,35.3534099
138.91859,35.35343
138.91851,35.35344
138.91842,35.35345
138.91834,35.35347
138.91825,35.35348
138.91817,35.3534999
138.91809,35.35351
138.918,35.35353
138.91792,35.35353
138.91783,35.35354
138.91775,35.35355
138.9176699,35.35356
138.91759,35.35356
138.9175,35.35357
138.91741,35.35357
138.91733,35.35357
138.91725,35.35357
138.91717,35.35356
138.91709,35.35356
138.917,35.35355
138.91691,35.35355
138.91683,35.35355
138.91674,35.35354
138.91666,35.35354
138.91658,35.35354
138.91649,35.35354
138.91641,35.35354
138.91634,35.35353
138.91626,35.35352
138.91619,35.35352
138.91611,35.35351
138.91603,35.3534999
138.91595,35.35349
138.91587,35.35349
138.9158,35.35348
138.91572,35.35347
138.91564,35.35347
138.91555,35.35346
138.91547,35.35345
138.91539,35.35344
138.91532,35.35343
138.91524,35.35343
138.9151599,35.35343
138.91509,35.35342
138.91501,35.35342
138.91493,35.3534099
138.91484,35.3534
138.91477,35.35339
138.9147,35.35338
138.91462,35.35337
138.91456,35.35336
138.91449,35.35335
138.91442,35.35335
138.91435,35.35335
138.91428,35.35335
138.91421,35.35335
138.91415,35.35335
138.91408,35.35335
138.91401,35.35335
138.91393,35.35334
138.91387,35.35334
138.91381,35.35333
138.91374,35.35334
138.91368,35.35334
138.91361,35.35334
138.91354,35.35334
138.91347,35.35334
138.9134,35.35334
138.91332,35.35334
138.91322,35.35334
138.91312,35.35333
138.91302,35.3533199
138.91291,35.3533199
138.91281,35.35331
138.91272,35.3533
138.91262,35.35329
138.91253,35.35329
138.91244,35.35328
138.91236,35.35327
138.91227,35.35327
138.91218,35.35326
138.9121,35.35326
138.91201,35.35326
138.91192,35.35325
138.91184,35.35325
138.9117599,35.35326
138.91168,35.35326
138.9116,35.35326
138.91151,35.35326
138.91143,35.35326
138.91135,35.35326
138.91127,35.35325
138.91119,35.35325
138.91111,35.35325
138.91104,35.35324
138.91096,35.35324
138.91087,35.35324
138.9108,35.35323
138.91072,35.35323
138.91064,35.35323
138.91057,35.35322
138.91049,35.35321
138.91041,35.35321
138.9103299,35.3532
138.91026,35.3532
138.91019,35.35319
138.91011,35.35319
138.91003,35.35319
138.90996,35.35319
138.9098799,35.35318
138.90981,35.35317
138.90974,35.35317
138.90967,35.35316
138.90959,35.35315
138.90953,35.35315
138.90946,35.35314
138.9094,35.35314
138.90933,35.35313
138.9092499,35.35313
138.90918,35.3531199
138.90911,35.35313
138.90903,35.3531199
138.90896,35.3531199
138.90889,35.35313
138.90881,35.3531199
138.90874,35.3531199
138.90867,35.3531199
138.9086,35.3531199
138.90853,35.35311
138.90846,35.35311
138.90838,35.3531
138.90831,35.3531
138.90825,35.3531
138.9081799,35.3531
138.90811,35.3531
138.90804,35.35309
138.90797,35.35309
138.9079,35.35308
138.9078199,35.35308
138.90774,35.35308
138.90767,35.35307
138.90759,35.35306
138.90752,35.35305
138.90745,35.35304
138.90738,35.35304
138.90731,35.35305
138.90724,35.35305
138.90717,35.35305
138.9071,35.35306
138.90702,35.35306
138.90694,35.35305
138.90687,35.35305
138.90679,35.35305
138.90671,35.35305
138.90664,35.35306
138.9065699,35.35305
138.90649,35.35304
138.90642,35.3530299
138.90634,35.35302
138.90626,35.35301
138.90619,35.35302
138.90611,35.35302
138.9060299,35.35301
138.90595,35.353
138.90587,35.35299
138.90578,35.35297
138.9057,35.35296
138.90561,35.35295
138.90553,35.3529399
138.90545,35.35293
138.90536,35.35293
138.90528,35.35292
138.9052,35.35292
138.90511,35.35291
138.90503,35.35291
138.90494,35.35291
138.90486,35.3529
138.90477,35.3529
138.9046899,35.35289
138.90461,35.35289
138.90452,35.35289
138.90444,35.35288
138.90436,35.35288
138.90427,35.35287
138.90419,35.35286
138.90411,35.3528499
138.90403,35.35284
138.90394,35.35284
138.90386,35.35283
138.90378,35.35282
138.9036999,35.35281
138.90362,35.35279
138.90354,35.35278
138.90346,35.35277
138.90338,35.35275
138.9033,35.35273
138.90323,35.35272
138.90315,35.3527
138.90307,35.35269
138.903,35.35267
138.90293,35.35265
138.90285,35.35264
138.90278,35.35262
138.90271,35.35261
138.9026299,35.3526
138.90256,35.35258
138.90249,35.35257
138.90241,35.35255
138.90234,35.35254
138.9022699,35.35253
138.9022,35.35251
138.90213,35.3525
138.90206,35.35249
138.90199,35.3524699
138.90192,35.35245
138.90185,35.35244
138.90178,35.35242
138.90171,35.35241
138.9016399,35.3524
138.90157,35.3523799
138.90149,35.35237
138.90142,35.35236
138.90135,35.35235
138.90129,35.35234
138.90122,35.35233
138.90116,35.35231
138.90109,35.3523
138.90103,35.35229
138.90097,35.35227
138.9009,35.35226
138.90084,35.35226
138.90077,35.35225
138.90071,35.35224
138.90064,35.35222
138.90058,35.35221
138.90051,35.3522
138.90044,35.35218
138.90038,35.35217
138.90031,35.35215
138.90024,35.35214
138.90018,35.35212
138.90011,35.35211
138.90005,35.3521
138.89998,35.3520899
138.89992,35.35208
138.8998499,35.35206
138.89979,35.35205
138.89972,35.35204
138.89965,35.35202
138.89959,35.35201
138.89952,35.3519999
138.89946,35.35199
138.89939,35.35197
138.89933,35.35196
138.89926,35.35195
138.89919,35.35194
138.89913,35.35193
138.89907,35.3519099
138.899,35.3519
138.89894,35.35189
138.8988699,35.35188
138.89881,35.35186
138.89874,35.35185
138.89868,35.35184
138.89861,35.3518199
138.89855,35.35181
138.89848,35.3518
138.8984199,35.35179
138.89836,35.35178
138.8983,35.35177
138.89823,35.35175
138.89817,35.35174
138.89811,35.35173
138.89805,35.35172
138.89798,35.35171
138.89792,35.3517
138.89786,35.35169
138.8977899,35.35167
138.89773,35.35166
138.89767,35.35165
138.8976,35.35164
138.89754,35.3516199
138.89748,35.35161
138.89741,35.3516
138.89735,35.35159
138.89729,35.35158
138.89723,35.35157
138.89716,35.35156
138.8971,35.35155
138.89704,35.35154
138.89698,35.35152
138.89691,35.35152
138.89685,35.35151
138.89679,35.35151
138.8967199,35.3515
138.89666,35.3515
138.8966,35.35149
138.89653,35.35148
138.89647,35.35148
138.8964,35.35147
138.89634,35.35147
138.89628,35.35146
138.89623,35.35146
138.89617,35.35145
138.89611,35.3514399
138.89605,35.35142
138.89599,35.3514
138.89593,35.35138
138.89587,35.35136
138.89581,35.35134
138.89575,35.35131
138.89569,35.35129
138.8956399,35.35127
138.89553,35.35125
138.8955499,35.35129
138.89556,35.35133
138.8955499,35.35137
138.89553,35.35141
138.89551,35.3514399
138.89547,35.35148
138.89544,35.35151
138.8954,35.3515299
138.89536,35.35156
138.89533,35.35158
138.8953,35.3516
138.89526,35.3516199
138.89523,35.35163
138.8952,35.35165
138.89517,35.35166
138.89514,35.35168
138.89511,35.35169
138.89508,35.3517
138.89505,35.35172
138.89502,35.35173
138.895,35.35174
138.89497,35.35176
138.89495,35.35177
138.89492,35.35178
138.8949,35.35179
138.89488,35.35181
138.89486,35.3518199
138.8948399,35.35183
138.89483,35.35185
138.89482,35.35187
138.89482,35.35189
138.89482,35.3519099
138.89482,35.35193
138.89483,35.35195
138.8948399,35.35197
138.89485,35.35199
138.89487,35.3519999
138.89489,35.35202
138.89491,35.35203
138.8949299,35.35205
138.89495,35.35206
138.89497,35.35208
138.895,35.3521
138.89502,35.35212
138.89504,35.35213
138.89507,35.35214
138.89509,35.35216
138.89512,35.35217
138.89514,35.35219
138.89517,35.3522
138.89519,35.35221
138.89522,35.35222
138.89525,35.35223
138.89528,35.35224
138.8953,35.35225
138.89533,35.35227
138.89535,35.35228
138.89537,35.35229
138.89539,35.3523
138.89541,35.35231
138.89544,35.35233
138.89547,35.35234
138.89549,35.35235
138.89552,35.35237
138.89554,35.3523799
138.89557,35.3524
138.8956,35.35241
138.89562,35.35243
138.8956399,35.35245
138.89567,35.3524699
138.89568,35.35249
138.8957,35.35251
138.89572,35.35253
138.89574,35.35255
138.89576,35.35257
138.89577,35.35259
138.89578,35.35261
138.89579,35.35264
138.8958,35.35267
138.89581,35.35269
138.89581,35.35272
138.8958199,35.35274
138.89583,35.35277
138.89583,35.35279
138.8958199,35.35282
138.8958199,35.3528499
138.8958199,35.35287
138.8958199,35.3529
138.89581,35.35292
138.89581,35.35295
138.89581,35.35297
138.8958,35.35299
138.89579,35.35301
138.89578,35.3530299
138.89577,35.35305
138.89575,35.35307
138.89572,35.35309
138.8957,35.35311
138.89568,35.35313
138.89565,35.35316
138.89562,35.35318
138.89559,35.3532
138.8955499,35.35321
138.89552,35.35323
138.89549,35.35325
138.89546,35.35326
138.89542,35.35327
138.89538,35.35328
138.89535,35.35329
138.89531,35.3533
138.89527,35.35331
138.89524,35.35331
138.8952,35.35331
138.89517,35.3533199
138.89513,35.35333
138.8951,35.35333
138.89506,35.35334
138.89503,35.35335
138.89499,35.35335
138.89495,35.35335
138.89492,35.35336
138.89488,35.35336
138.89485,35.35337
138.89481,35.35337
138.89477,35.35338
138.89474,35.35338
138.8947,35.35339
138.89465,35.3534
138.8946,35.3534
138.89456,35.3534099
138.89451,35.35342
138.89446,35.35343
138.89441,35.35343
138.89434,35.35344
138.89428,35.35345
138.8942099,35.35346
138.89415,35.35347
138.89408,35.35348
138.89401,35.35349
138.8939399,35.35349
138.89387,35.3534999
138.89379,35.35351
138.89371,35.35352
138.89363,35.35353
138.89355,35.35354
138.89347,35.35355
138.89339,35.35355
138.89331,35.35356
138.89323,35.35357
138.89314,35.35358
138.89306,35.3535899
138.89297,35.3536
138.89289,35.35361
138.8928,35.35362
138.89272,35.35363
138.89262,35.35364
138.8925099,35.35365
138.8924199,35.35365
138.89234,35.35366
138.89226,35.35368
138.89218,35.35371
138.8921,35.35374
138.89203,35.35378
138.89196,35.35382
138.89189,35.35385
138.89181,35.3539
138.89174,35.35394
138.89168,35.35398
138.8916099,35.35402
138.89154,35.3540599
138.89148,35.35411
138.89142,35.35415
138.89136,35.35419
138.89132,35.35429
138.89168,35.35461
138.89198,35.35487
138.89223,35.35511
138.89246,35.35537
138.89263,35.35562
138.89306,35.35637
138.89348,35.35711
138.89391,35.35786
138.89434,35.3586
138.89455,35.3589
138.89481,35.35917
138.89491,35.35922
138.89506,35.35926
138.89543,35.35927
138.89572,35.35933
138.89589,35.3594
138.89607,35.35952
138.89617,35.35964
138.89646,35.36007
138.89675,35.3605
138.89692,35.3607299
138.89708,35.36087
138.89777,35.36131
138.89847,35.36174
138.89898,35.36211
138.89934,35.36243
138.8997,35.36282
138.90007,35.36321
138.90027,35.36337
138.90051,35.36349
138.90092,35.36366
138.90147,35.36381
138.90203,35.36395
138.90231,35.36404
138.90292,35.36416
138.90373,35.36426
138.90453,35.36432
138.90545,35.3642899
138.90636,35.36425
138.90715,35.36426
138.90766,35.36433
138.9084499,35.3644
138.90868,35.3644
138.90896,35.36437
138.9099,35.36416
138.91084,35.36403
138.91172,35.3636399
138.91241,35.36419
138.91311,35.36473
138.9134,35.3651399
138.91369,35.36555
138.91395,35.36576
138.9142699,35.36588
138.91474,35.36588
138.9156,35.36577
138.91645,35.36566
138.9171,35.36554
138.9177,35.36545
138.91851,35.36526
138.91921,35.36493
138.9199099,35.36459
138.92085,35.3642899
138.92178,35.36399
138.92272,35.36369
138.92365,35.36338
138.92459,35.3630799
138.92552,35.36278
138.9262,35.36256
138.92688,35.36234
138.92727,35.36224
138.928,35.36213
138.92869,35.36201
138.92938,35.36188
138.93026,35.3618499
138.93114,35.36181
138.93174,35.36182
138.93183,35.36187
138.93197,35.36198
138.93203,35.3621399
138.93213,35.3626999
138.9324,35.36318
138.93245,35.36329
138.93251,35.36339
138.93284,35.36387
138.93321,35.36426
138.93326,35.36434
138.93344,35.36453
138.9335,35.3645799
138.93356,35.36464
138.93363,35.3646699
138.9336999,35.3647
138.93392,35.36482
138.93408,35.36491
138.93416,35.36495
138.93424,35.365
138.93432,35.36504
138.9344,35.36509
138.9348,35.36531
138.93537,35.36565
138.9358499,35.36593
138.9359399,35.36598
138.93613,35.36607
138.93622,35.36613
138.93632,35.36619
138.93641,35.36625
138.93651,35.36631
138.9366,35.36637
138.93669,35.36643
138.93678,35.36648
138.93686,35.36652
138.93693,35.36656
138.93698,35.36659
138.93702,35.36661
138.93704,35.3666399
138.93704,35.36667
138.93691,35.36674
138.93688,35.36676
138.93684,35.36687
138.93684,35.3669
138.93689,35.36697
138.93694,35.3670199
138.93709,35.36717
138.9374,35.36754
138.93742,35.36759
138.93748,35.3677599
138.93751,35.3678
138.93754,35.36783
138.93757,35.36787
138.93761,35.36791
138.93765,35.36795
138.93787,35.3682299
138.93805,35.36842
138.93808,35.36846
138.93811,35.3685
138.93823,35.36866
138.93837,35.3688999
138.93839,35.36895
138.93841,35.36901
138.93842,35.36907
138.93844,35.36913
138.93845,35.36919
138.93846,35.36925
138.93846,35.36931
138.93846,35.36937
138.93845,35.36942
138.93844,35.36948
138.93839,35.36959
138.93837,35.3696399
138.93835,35.36969
138.93831,35.36974
138.93827,35.36978
138.93818,35.36987
138.93804,35.36998
138.93799,35.3700199
138.93794,35.37005
138.93784,35.37009
138.93779,35.3701099
138.93775,35.37013
138.9377,35.37015
138.93766,35.37017
138.93762,35.37018
138.93758,35.3701999
138.9375499,35.37022
138.93751,35.37024
138.93747,35.37025
138.93743,35.37026
138.93738,35.37028
138.93734,35.37029
138.9373,35.3703
138.93726,35.3703
138.93721,35.37031
138.93717,35.37031
138.9370099,35.37032
138.93696,35.37032
138.9369199,35.37032
138.93688,35.37032
138.9368299,35.37032
138.9367399,35.37031
138.9367,35.37031
138.93666,35.37031
138.93661,35.37031
138.93657,35.37031
138.93652,35.3703
138.93633,35.37029
138.93629,35.37028
138.93624,35.37028
138.9362,35.37028
138.93616,35.37028
138.93607,35.37027
138.93602,35.37027
138.93598,35.37027
138.9359399,35.37026
138.93589,35.37026
138.9358,35.37026
138.9357599,35.37026
138.93571,35.37026
138.9356699,35.37025
138.93563,35.37025
138.93554,35.37025
138.9355,35.37025
138.93545,35.37024
138.93541,35.37024
138.93537,35.37024
138.93524,35.37024
138.93519,35.37023
138.93515,35.37023
138.93511,35.37023
138.93507,35.37023
138.93502,35.37022
138.93498,35.37022
138.93494,35.37022
138.9349,35.37022
138.93485,35.37022
138.9346799,35.37021
138.93463,35.37021
138.9345899,35.37021
138.93454,35.37021
138.9345,35.37021
138.93441,35.3701999
138.93436,35.3701999
138.93432,35.3701999
138.93427,35.3701999
138.93423,35.3701999
138.93399,35.37019
138.93394,35.37019
138.9339,35.37019
138.93385,35.37019
138.9338,35.3701999
138.93371,35.37021
138.93367,35.37021
138.93363,35.37022
138.93359,35.37023
138.93355,35.37024
138.9334299,35.37027
138.93339,35.37028
138.93336,35.3703
138.93329,35.37034
138.93319,35.37039
138.933,35.3705
138.9329799,35.37051
138.9329799,35.37052
138.93294,35.3705799
138.93288,35.37064
138.93272,35.37079
138.93256,35.37095
138.93252,35.371
138.93248,35.37104
138.93244,35.37108
138.9324,35.37113
138.93228,35.37126
138.93203,35.37155
138.93199,35.3716
138.93194,35.37164
138.9319,35.37169
138.93185,35.37174
138.93181,35.3718
138.93179,35.37185
138.93172,35.3721
138.9318,35.37234
138.93201,35.37254
138.93235,35.37286
138.93241,35.37292
138.93246,35.37297
138.93252,35.37303
138.93257,35.37308
138.93282,35.37334
138.9327999,35.37346
138.9327,35.37356
138.93258,35.37367
138.93217,35.3739599
138.93211,35.3739599
138.9319999,35.37393
138.9319099,35.37385
138.93187,35.37382
138.93178,35.37375
138.9316399,35.37367
138.9316,35.37364
138.93156,35.37363
138.93152,35.37361
138.93148,35.3735799
138.93141,35.37353
138.93138,35.3735
138.93135,35.37346
138.93132,35.37343
138.93129,35.3733999
138.93126,35.37336
138.93123,35.37333
138.9312,35.37329
138.93118,35.37327
138.93115,35.37323
138.93112,35.3732
138.9310999,35.37317
138.93107,35.37313
138.93104,35.3731
138.9310099,35.37307
138.93098,35.37304
138.93095,35.37301
138.9309199,35.37298
138.93089,35.37295
138.93086,35.37292
138.9308299,35.37289
138.93079,35.37287
138.93076,35.3728399
138.93069,35.37279
138.93066,35.37276
138.93063,35.37274
138.93056,35.37268
138.93047,35.37261
138.93044,35.37259
138.93041,35.37256
138.93029,35.37247
138.93017,35.37238
138.93007,35.37229
138.92995,35.37219
138.92984,35.37211
138.92972,35.37202
138.92959,35.37193
138.92946,35.37184
138.92929,35.37179
138.9291299,35.37177
138.92896,35.37177
138.92879,35.37177
138.92861,35.37178
138.92843,35.37178
138.92825,35.37178
138.9280599,35.37177
138.92787,35.37177
138.92767,35.37175
138.92749,35.37178
138.9273399,35.37188
138.92726,35.37201
138.92736,35.37214
138.92754,35.37226
138.92763,35.37245
138.92774,35.37252
138.92784,35.37259
138.92794,35.37265
138.92805,35.37272
138.92814,35.37279
138.92824,35.37285
138.92835,35.37292
138.92845,35.37299
138.92855,35.37306
138.92866,35.37313
138.9287699,35.3732
138.92888,35.37327
138.92899,35.37334
138.9291,35.37341
138.92921,35.37348
138.92932,35.37356
138.92943,35.37363
138.92954,35.37371
138.92965,35.3737799
138.92977,35.37386
138.92988,35.37393
138.92999,35.37401
138.9301,35.37408
138.93022,35.37416
138.93033,35.37423
138.93044,35.37431
138.93055,35.37438
138.93066,35.37446
138.93077,35.37454
138.93087,35.3746099
138.93099,35.37468
138.9310999,35.37476
138.93121,35.37483
138.93132,35.37491
138.93143,35.37498
138.93154,35.37506
138.9316399,35.37513
138.93175,35.3752
138.93185,35.3752799
138.93196,35.37535
138.93207,35.37542
138.93218,35.3755
138.93228,35.37557
138.93239,35.37564
138.93249,35.37571
138.9326,35.37578
138.9327,35.37585
138.93281,35.37592
138.93291,35.37598
138.933,35.37604
138.93308,35.3761
138.9331599,35.37614
138.93323,35.37619
138.9333,35.37624
138.93337,35.37628
138.9334299,35.3763
138.93351,35.37632
138.93358,35.37632
138.93366,35.3763
138.93373,35.37626
138.9337899,35.37619
138.93383,35.37611
138.93384,35.376
138.93382,35.37589
138.9338,35.37577
138.93377,35.37564
138.93374,35.3755
138.93372,35.37536
138.93368,35.37521
138.93364,35.37506
138.93357,35.37491
138.93347,35.37477
138.93335,35.37464
138.93323,35.37451
138.9331,35.37438
138.93297,35.37424
138.93284,35.37411
138.9327099,35.37398
138.93258,35.37385
138.93245,35.37372
138.93233,35.37359
138.93219,35.37346
138.93206,35.37334
138.93194,35.37322
138.9318199,35.3731
138.9317,35.37298
138.93159,35.37287
138.93149,35.37276
138.93138,35.37266
138.9312799,35.37256
138.93118,35.37245
138.93109,35.37235
138.9310099,35.37225
138.93095,35.37214
138.93091,35.37202
138.9309199,35.3718999
138.93096,35.37179
138.93102,35.37168
138.93109,35.37157
138.93118,35.37145
138.93125,35.3713399
138.93133,35.37122
138.93141,35.3711
138.93149,35.37097
138.93156,35.37084
138.93161,35.37071
138.93165,35.37056
138.93168,35.37042
138.93169,35.37028
138.93168,35.37013
138.93166,35.36998
138.93162,35.36984
138.93156,35.3697
138.93148,35.36957
138.9313699,35.36944
138.93125,35.36933
138.9310999,35.36924
138.93095,35.3691699
138.93079,35.36912
138.93062,35.36907
138.93046,35.36904
138.9303,35.36902
138.93015,35.36903
138.93001,35.36905
138.92986,35.36909
138.92973,35.36913
138.92961,35.36919
138.92951,35.36926
138.92942,35.36933
138.92934,35.36941
138.92927,35.36949
138.92921,35.36957
138.92914,35.36965
138.92908,35.3697299
138.92902,35.36981
138.9289499,35.36988
138.92889,35.36995
138.92883,35.3700199
138.9287699,35.37009
138.92872,35.37016
138.92866,35.37023
138.9286,35.3703
138.92855,35.37036
138.92847,35.37042
138.9284,35.37047
138.92832,35.3705
138.92822,35.37053
138.92811,35.37054
138.92801,35.37052
138.92791,35.37047
138.92783,35.3703999
138.92775,35.37032
138.92769,35.37023
138.92764,35.37013
138.92759,35.3700199
138.92755,35.36992
138.92753,35.36981
138.92751,35.36969
138.92751,35.36957
138.9275199,35.36945
138.92753,35.36933
138.92755,35.3692
138.92757,35.3690799
138.9276,35.36896
138.92762,35.36884
138.92764,35.3686999
138.92765,35.36858
138.92766,35.36844
138.92767,35.36831
138.92768,35.36818
138.92767,35.3680499
138.92765,35.36792
138.9276099,35.36778
138.92755,35.36766
138.92748,35.36754
138.9274,35.36741
138.92732,35.3672899
138.92724,35.36717
138.9271599,35.36704
138.92709,35.36692
138.92701,35.3668
138.92692,35.36667
138.92684,35.36654
138.92675,35.36642
138.92665,35.3663
138.92653,35.36618
138.92639,35.36607
138.92625,35.36597
138.9261,35.36587
138.92594,35.36577
138.92577,35.36568
138.92561,35.36558
138.9254599,35.3655
138.9253,35.3654
138.92515,35.36531
138.9250099,35.3652299
138.92486,35.3651399
138.92472,35.36506
138.9246,35.36498
138.92447,35.36491
138.92436,35.36484
138.92425,35.36479
138.92415,35.36473
138.92404,35.3647
138.9239399,35.36469
138.9238499,35.36471
138.9237599,35.36475
138.9236699,35.3648
138.9235799,35.3648499
138.9235,35.36489
138.92341,35.36494
138.92332,35.36498
138.92324,35.36502
138.92315,35.36507
138.92308,35.36511
138.923,35.3651399
138.92292,35.36518
138.92284,35.36521
138.92277,35.36525
138.9227,35.36528
138.92263,35.3653199
138.92257,35.36536
138.9225,35.36539
138.92244,35.36543
138.92238,35.36547
138.92232,35.3655
138.92226,35.36554
138.92221,35.36557
138.9221499,35.3656099
138.9221,35.36565
138.9220599,35.36569
138.92201,35.36572
138.9219699,35.36576
138.92193,35.3658
138.92189,35.36584
138.92185,35.36588
138.92181,35.36593
138.92178,35.36597
138.92175,35.36601
138.92173,35.36606
138.92171,35.36611
138.9216999,35.3661699
138.92171,35.36623
138.92172,35.36628
138.92175,35.36634
138.9217899,35.36639
138.92184,35.36644
138.92189,35.36648
138.92196,35.36652
138.92204,35.36656
138.92212,35.36659
138.9222,35.36663
138.92229,35.36666
138.92238,35.3667
138.92246,35.36675
138.92254,35.3668
138.92262,35.36685
138.92269,35.36691
138.92275,35.36698
138.9228,35.36706
138.92285,35.36714
138.92288,35.36721
138.9229,35.3673
138.92291,35.36738
138.92292,35.36746
138.92291,35.36754
138.9229,35.36761
138.92287,35.3676699
138.92285,35.36774
138.92281,35.3678
138.92276,35.36785
138.92271,35.3679
138.92266,35.36795
138.92261,35.36798
138.92256,35.36801
138.92249,35.36804
138.92243,35.36804
138.92236,35.36803
138.92229,35.368
138.92223,35.36797
138.92217,35.36792
138.92212,35.36787
138.9220599,35.36782
138.922,35.3677599
138.92194,35.3677
138.92187,35.36764
138.9218,35.3675799
138.92173,35.36752
138.92165,35.36746
138.92157,35.3674
138.92149,35.36735
138.92141,35.3672899
138.92133,35.36724
138.92124,35.36719
138.9211599,35.36715
138.92106,35.3671
138.92097,35.36707
138.92088,35.36706
138.92079,35.36704
138.92069,35.36703
138.9206,35.36703
138.92052,35.36704
138.92044,35.36706
138.92037,35.36708
138.9203,35.3671
138.92024,35.36714
138.92019,35.36717
138.92015,35.36721
138.92011,35.36726
138.9200899,35.36731
138.92008,35.36736
138.92007,35.36741
138.92008,35.36746
138.9201,35.36751
138.92014,35.36756
138.9201799,35.36761
138.92023,35.36765
138.9203,35.3677
138.9203599,35.36774
138.92042,35.36778
138.92049,35.36782
138.92056,35.36787
138.92063,35.36792
138.9207,35.36797
138.92078,35.36802
138.92086,35.36807
138.92094,35.36812
138.92102,35.36818
138.92111,35.3682299
138.92119,35.36829
138.92127,35.36835
138.92136,35.36841
138.92145,35.36847
138.92153,35.36853
138.92162,35.36859
138.9216999,35.36865
138.9217899,35.36872
138.9218799,35.36878
138.9219699,35.36885
138.9220599,35.36891
138.9221499,35.36897
138.9222399,35.36903
138.92234,35.3691
138.92244,35.36916
138.92253,35.36923
138.92264,35.3693
138.92273,35.36936
138.92283,35.36943
138.92293,35.3695
138.92303,35.36956
138.9231299,35.36963
138.92323,35.36969
138.92333,35.36976
138.92343,35.36983
138.92353,35.36989
138.92363,35.36996
138.92373,35.3700199
138.92383,35.37009
138.92393,35.37016
138.9240299,35.37022
138.92413,35.37029
138.92424,35.37036
138.92434,35.37042
138.92444,35.3704899
138.92455,35.37056
138.92465,35.37063
138.92476,35.37069
138.92486,35.37076
138.92497,35.37083
138.92512,35.37092
138.9252,35.37097
138.9253,35.37104
138.92541,35.37111
138.92551,35.37118
138.92562,35.37124
138.9257299,35.37131
138.92583,35.37138
138.92593,35.37145
138.92603,35.37151
138.92613,35.37158
138.92623,35.37165
138.92634,35.37171
138.92644,35.37178
138.92654,35.37185
138.92665,35.37191
138.92675,35.37198
138.92685,35.37204
138.92695,35.37211
138.92705,35.37218
138.9271599,35.37224
138.92726,35.37231
138.92737,35.37238
138.92748,35.37244
138.92758,35.3725122