138.92742,35.37245,593
138.9279,35.37262,593.1
138.92813,35.37277,593.3
138.92838,35.37292,593
138.92862,35.37307,592.3
138.9288599,35.37323,591.7
138.9291,35.37338,591.7
138.92935,35.37353,591.5
138.92959,35.37368,591.3
138.92981,35.37384,591.2
138.93004,35.37399,591.2
138.93027,35.37414,591.2
138.93049,35.37429,590.9
138.9307,35.37445,591.5
138.9309199,35.3746099,591.6
138.93114,35.37477,591.7
138.93136,35.37493,591.7
138.9316,35.3750799,591.5
138.93183,35.37525,591.4
138.93205,35.37541,591.4
138.93228,35.37558,591.2
138.93251,35.37574,590.9
138.93275,35.37591,591.1
138.9329799,35.37608,590.9
138.93323,35.37625,590.3
138.93346,35.37641,589.7
138.93366,35.37657,589.2
138.93384,35.3767,589.1
138.93401,35.37672,588.5
138.93414,35.37662,587.9
138.93432,35.37657,587.9
138.93452,35.37659,588.2
138.93464,35.37673,589
138.93471,35.3769,590
138.93474,35.37708,590.3
138.93465,35.37721,590.4
138.93449,35.37723,590.4
138.93434,35.37714,590.2
138.93421,35.3771,590.1
138.93416,35.37717,589.9
138.93426,35.37727,589.5
138.93442,35.3774,588.3
138.9345899,35.37755,586.8
138.93469,35.37764,586.3
138.9348599,35.37763,585.7
138.9349499,35.3776,585.2
138.93503,35.37757,584.7
138.93511,35.3775199,584.2
138.93523,35.37741,583.2
138.93528,35.3773399,582.6
138.9353099,35.37727,582.1
138.93533,35.37719,581.5
138.93534,35.37702,580.3
138.93536,35.37694,579.8
138.93537,35.37685,579
138.93538,35.37677,578.4
138.9353999,35.37659,577
138.93542,35.3765,576.3
138.93544,35.37641,575.5
138.93545,35.37632,574.8
138.93545,35.37614,573.4
138.93545,35.37605,572.7
138.93544,35.37595,571.8
138.93543,35.37586,571
138.93541,35.37577,570.1
138.93535,35.37559,568.8
138.93532,35.3755,568.1
138.93529,35.37542,567.4
138.93521,35.37527,566.1
138.93516,35.3752,565.4
138.93511,35.37513,564.8
138.93506,35.37507,564.2
138.93501,35.375,563.6
138.93491,35.37489,562.8
138.93485,35.37483,562.4
138.9348,35.37478,562.1
138.9346799,35.37467,561.5
138.93462,35.37462,561.1
138.9345,35.3745199,560.4
138.93444,35.37447,560.1
138.93432,35.37436,559.7
138.93426,35.37431,559.5
138.93419,35.37426,559.3
138.93407,35.37415,558.8
138.934,35.3741,558.6
138.93394,35.3740499,558.5
138.93381,35.37394,558.2
138.93375,35.37389,558
138.93368,35.37383,557.7
138.93362,35.37377,557.4
138.93356,35.37372,557.3
138.9334299,35.37361,557.2
138.93336,35.37356,557.2
138.9333,35.3735,557.1
138.93323,35.37345,556.9
138.93311,35.37334,556.5
138.93305,35.37329,556.4
138.93299,35.37323,556.3
138.93293,35.37318,556.2
138.93281,35.37307,556.2
138.93275,35.37301,556.2
138.9327,35.37295,556.1
138.93264,35.3729,555.9
138.93253,35.37278,555.5
138.93247,35.37273,555.4
138.93242,35.37267,555.3
138.93236,35.37261,555.3
138.93225,35.3725,555.2
138.93219,35.37245,555.2
138.93213,35.37239,555.2
138.93208,35.37233,555.2
138.93197,35.37221,555.2
138.93193,35.37215,555.2
138.93189,35.37209,555.1
138.93187,35.37202,554.9
138.93187,35.37187,554.5
138.93189,35.3718,554.4
138.93192,35.37173,554.3
138.93201,35.3716099,554.2
138.93207,35.37155,554.2
138.93212,35.37149,554.2
138.93217,35.37144,554.2
138.93223,35.37137,554.2
138.93234,35.37125,554.2
138.93239,35.37119,554.2
138.93244,35.37113,554.2
138.9325,35.37107,554.2
138.93261,35.37095,554
138.93266,35.37089,553.9
138.9327099,35.37082,553.6
138.93277,35.37076,553.4
138.93282,35.3707,553.3
138.93293,35.37059,553.2
138.93299,35.37053,553.1
138.93305,35.37048,552.9
138.9332,35.37039,552.3
138.93328,35.37035,552.1
138.93355,35.37027,551.5
138.93365,35.37025,551.2
138.93386,35.37024,550.3
138.9339699,35.37025,549.8
138.9342,35.37025,548.8
138.93431,35.37026,548.3
138.93442,35.37026,547.8
138.93464,35.37027,546.7
138.93474,35.37027,546.2
138.93485,35.37027,545.5
138.93496,35.37027,544.8
138.93518,35.37028,543.6
138.93529,35.37028,543
138.9353999,35.37028,542.3
138.93552,35.37029,541.5
138.93575,35.3703,540
138.93587,35.37031,539.1
138.93599,35.37031,538
138.93611,35.37032,536.9
138.93623,35.37032,535.9
138.93647,35.37032,534.2
138.93659,35.37033,533.3
138.93671,35.37033,532.3
138.93684,35.37033,531.2
138.93707,35.37034,529.5
138.93718,35.37032,528.6
138.9373,35.37031,527.5
138.93741,35.37028,526.5
138.9376399,35.37021,524.8
138.93776,35.37017,523.8
138.93787,35.37012,522.7
138.93798,35.37007,521.7
138.93817,35.3699299,519.9
138.93826,35.36986,518.9
138.93834,35.36979,517.9
138.93841,35.36971,516.9
138.93852,35.36954,515.2
138.93857,35.3694599,514.3
138.93861,35.36938,513.3
138.93864,35.36929,512.3
138.93873,35.36907,510
138.93878,35.36873,506.7
138.93874,35.36839,504.9
138.93859,35.36809,504
138.93838,35.36786,503.2
138.93821,35.36771,502.8
138.93814,35.36755,502.2
138.93835,35.3673,501.7
138.93852,35.36714,501.5
138.93857,35.36708,501.4
138.93868,35.36695,500.9
138.93875,35.36688,500.5
138.93881,35.36682,500.1
138.93887,35.36674,499.6
138.93892,35.36667,499.2
138.9389799,35.3666,498.7
138.93903,35.36652,498.1
138.93909,35.36645,497.6
138.93915,35.36638,497.1
138.93922,35.36631,496.7
138.93928,35.36624,496.2
138.9393399,35.3661699,495.8
138.93941,35.3661,495.4
138.93947,35.36603,495
138.93954,35.36596,494.6
138.9396,35.36588,494.2
138.93967,35.36581,493.7
138.93973,35.36573,493.3
138.9397899,35.36566,492.9
138.93985,35.36559,492.7
138.94023,35.36512,492.3
138.94029,35.3650499,492.1
138.94035,35.36498,491.8
138.94041,35.36491,491.4
138.94047,35.36484,491
138.94052,35.36477,490.6
138.94058,35.36471,490.2
138.94076,35.36449,489.5
138.94082,35.36441,489.2
138.94087,35.36434,488.8
138.94093,35.36426,488.4
138.94099,35.36418,488.1
138.94111,35.36401,487.3
138.94117,35.36393,486.9
138.94123,35.36385,486.5
138.94129,35.36377,485.9
138.94135,35.36368,485.2
138.94141,35.36359,484.4
138.94148,35.36349,483.5
138.94154,35.3634,482.7
138.94161,35.3633,481.8
138.94168,35.36319,480.8
138.94174,35.36309,479.8
138.94181,35.36298,478.8
138.94188,35.36287,477.7
138.94194,35.36276,476.6
138.94201,35.36265,475.4
138.94207,35.36254,474.1
138.94214,35.36243,473
138.94221,35.3623,471.8
138.94229,35.36219,470.9
138.94236,35.36206,469.8
138.94243,35.36193,468.8
138.9424699,35.36179,467.6
138.94251,35.36165,466.5
138.94252,35.36151,465.2
138.94252,35.36136,463.8
138.9425,35.36121,462.5
138.9424699,35.36107,461.2
138.94244,35.36093,459.8
138.94241,35.36079,458.4
138.94237,35.36066,457
138.94234,35.36054,455.8
138.94231,35.3604,454.9
138.94228,35.36028,454.8
138.94226,35.3601699,455.2
138.94224,35.36007,455.7
138.94222,35.3599699,456.4
138.94222,35.35989,457.2
138.94222,35.3598,458.2
138.94222,35.35974,459
138.94222,35.35967,459.9
138.94222,35.35962,460.7
138.94223,35.35957,461.5
138.94224,35.35952,462.2
138.94225,35.35948,462.9
138.94226,35.35943,463.7
138.94227,35.35939,464.3
138.94228,35.35935,464.9
138.94229,35.35931,465.5
138.94229,35.35928,466
138.9423,35.35925,466.4
138.94231,35.35921,466.9
138.94232,35.35918,467.3
138.94232,35.35915,467.6
138.94236,35.35905,468.8
138.94237,35.35902,469.1
138.94238,35.35898,469.4
138.94238,35.35895,469.7
138.94239,35.35892,470
138.94243,35.35884,470.7
138.94244,35.35881,471
138.94246,35.35879,471.2
138.9424699,35.3587599,471.5
138.94248,35.35874,471.7
138.94252,35.35869,472.3
138.94253,35.35866,472.6
138.94254,35.35864,472.8
138.9425599,35.35862,473.1
138.94258,35.3586,473.3
138.9426,35.35857,473.6
138.94267,35.35846,474.6
138.94268,35.35844,474.8
138.9427,35.35842,475.1
138.94271,35.3584,475.3
138.94273,35.35837,475.6
138.9427399,35.35835,475.8
138.94284,35.35822,476.8
138.94287,35.35818,477.2
138.94289,35.35816,477.4
138.9429,35.35814,477.6
138.94291,35.35812,477.8
138.94293,35.3581,478
138.9430099,35.35803,478.8
138.94306,35.35797,479.4
138.94308,35.35796,479.6
138.94309,35.35794,479.9
138.94311,35.35793,480.1
138.94313,35.3579099,480.4
138.94316,35.35787,480.9
138.94318,35.35786,481.1
138.9431899,35.35784,481.3
138.94321,35.3578199,481.6
138.94322,35.3578,481.8
138.94323,35.35779,482
138.9433,35.35771,482.7
138.94339,35.3576,483.6
138.94341,35.35758,483.8
138.94342,35.35757,483.8
138.94344,35.35755,484
138.9434599,35.3575299,484.2
138.94363,35.35734,484.7
138.94381,35.35714,484.9
138.94395,35.35698,485.3
138.944,35.35694,485.6
138.94403,35.35692,485.8
138.94405,35.3569,485.9
138.94407,35.3568799,486.1
138.94408,35.35686,486.2
138.94413,35.35683,486.4
138.94432,35.35666,486.8
138.94452,35.35648,486.8
138.94467,35.35633,486.4
138.94477,35.35624,485.8
138.94478,35.35624,485.7
138.94479,35.3562299,485.7
138.94416,35.35551,483.7
138.9444,35.35513,482.7
138.94464,35.35436,479.8
138.94474,35.35391,477.8
138.94484,35.35346,475.8
138.94484,35.3531199,474.2
138.9447999,35.3529399,473.4
138.94475,35.35281,472.8
138.94473,35.35261,471.9
138.94474,35.35245,471.2
138.94482,35.35218,469.6
138.94482,35.35206,469
138.94451,35.35148,466.7
138.94447,35.3513499,466.4
138.94447,35.35119,466.1
138.94449,35.3511,465.9
138.94483,35.35058,464.8
138.94495,35.35038,464.6
138.94494,35.3502,464.6
138.94499,35.35007,464.8
138.94494,35.35008,464.8
138.94488,35.3501,464.9
138.94483,35.35011,465.1
138.94476,35.3501199,465.2
138.94469,35.35013,465.5
138.94463,35.35014,465.7
138.94457,35.35015,465.9
138.9445,35.35016,466.2
138.9444399,35.35017,466.4
138.94438,35.35018,466.7
138.94431,35.35019,466.9
138.94424,35.3502,467.1
138.94418,35.35022,467.3
138.94411,35.35023,467.5
138.94404,35.35024,467.6
138.94397,35.35025,467.7
138.9439,35.35026,467.8
138.94383,35.35028,467.9
138.94375,35.35029,468.1
138.94368,35.3503,468.1
138.9436,35.35032,468.3
138.94352,35.35033,468.4
138.94344,35.35034,468.5
138.9433699,35.35036,468.7
138.94329,35.35037,468.9
138.94321,35.35038,469
138.94314,35.3504,469.2
138.94306,35.3504099,469.3
138.94298,35.35042,469.5
138.94291,35.35044,469.6
138.9428299,35.35045,469.8
138.94275,35.35046,469.9
138.94268,35.35048,470
138.9426,35.35049,470.2
138.94252,35.35051,470.3
138.94244,35.35052,470.4
138.94236,35.35053,470.6
138.94228,35.35055,470.8
138.9422,35.35056,471
138.94212,35.35058,471.1
138.94203,35.3505899,471.3
138.94195,35.35061,471.4
138.94187,35.35062,471.5
138.94179,35.35064,471.6
138.94171,35.35065,471.8
138.94163,35.35066,472
138.94155,35.3506799,472.2
138.94147,35.35069,472.5
138.94139,35.35071,472.8
138.9413099,35.35072,473
138.94124,35.35074,473.2
138.94116,35.35076,473.3
138.94109,35.35078,473.4
138.94102,35.35082,473.6
138.9409499,35.35085,473.7
138.94089,35.3509,473.9
138.94083,35.35094,474.1
138.9407699,35.35098,474.3
138.94072,35.35103,474.5
138.94066,35.35107,474.8
138.9405899,35.35111,475
138.94054,35.3511499,475.1
138.94048,35.3512,475.2
138.94042,35.35124,475.3
138.94036,35.35128,475.4
138.9403,35.35132,475.6
138.94025,35.35137,475.8
138.94019,35.35141,476
138.94014,35.35145,476.2
138.94008,35.35148,476.3
138.94003,35.35152,476.4
138.93997,35.35156,476.4
138.93992,35.3516,476.5
138.93987,35.35165,476.5
138.93981,35.35168,476.7
138.93976,35.35172,476.8
138.9396999,35.35176,477.1
138.93965,35.35179,477.4
138.9396,35.35183,477.7
138.93955,35.35187,477.9
138.93949,35.3519099,478.1
138.93944,35.35195,478.3
138.93938,35.35199,478.4
138.93933,35.35202,478.6
138.93928,35.35206,478.8
138.93923,35.3521,479
138.93918,35.35214,479.2
138.93913,35.35218,479.4
138.93908,35.35221,479.7
138.93903,35.35225,479.9
138.9389799,35.35229,480
138.93893,35.35233,480.2
138.93888,35.35237,480.4
138.93883,35.35241,480.6
138.93878,35.35245,480.8
138.93874,35.3525,481.1
138.9387,35.35254,481.4
138.93865,35.35258,481.7
138.9386199,35.35262,481.9
138.93858,35.35267,482.2
138.93854,35.35271,482.5
138.93851,35.35275,482.8
138.93847,35.35279,483.1
138.93843,35.35283,483.5
138.9384,35.35287,483.8
138.93836,35.3529,484
138.93833,35.3529399,484.3
138.9383,35.35298,484.6
138.93826,35.35301,484.9
138.93823,35.35305,485.2
138.9382,35.35309,485.5
138.93816,35.35313,485.8
138.93813,35.35317,486.1
138.93809,35.35321,486.4
138.93806,35.35325,486.7
138.93803,35.35328,487
138.93799,35.3533199,487.4
138.93796,35.35336,487.8
138.93793,35.3534,488.2
138.9379,35.35343,488.6
138.93788,35.35346,488.9
138.93785,35.35349,489.3
138.93783,35.35352,489.6
138.9378,35.35355,490
138.93778,35.35358,490.4
138.93775,35.3536,490.7
138.9377299,35.35363,491
138.93771,35.35366,491.3
138.93768,35.35369,491.7
138.93765,35.35372,492
138.93762,35.35375,492.3
138.93759,35.35378,492.7
138.9375499,35.35381,493
138.93751,35.35384,493.4
138.93748,35.35387,493.7
138.93744,35.35389,494
138.93741,35.35391,494.3
138.93736,35.35393,494.6
138.93732,35.35394,494.9
138.93727,35.35396,495.3
138.93723,35.3539699,495.6
138.93718,35.35398,495.9
138.93714,35.35399,496.2
138.9370999,35.354,496.5
138.93707,35.354,496.8
138.93702,35.35401,497.1
138.93698,35.35402,497.4
138.93694,35.35402,497.7
138.9369,35.35402,498
138.93686,35.35402,498.3
138.9368299,35.35403,498.5
138.93679,35.35402,498.8
138.93676,35.35402,499
138.93671,35.35401,499.4
138.93667,35.35401,499.7
138.93663,35.354,500
138.93659,35.354,500.3
138.93655,35.354,500.5
138.93651,35.35399,500.8
138.93647,35.35398,501.1
138.93643,35.3539699,501.3
138.93638,35.3539699,501.7
138.93634,35.35396,501.9
138.93629,35.35395,502.2
138.93625,35.35395,502.5
138.93621,35.35394,502.8
138.93617,35.35394,503.1
138.93613,35.35393,503.4
138.93608,35.35392,503.8
138.93605,35.35391,504
138.936,35.3539,504.3
138.93596,35.3539,504.6
138.93592,35.35389,504.9
138.93587,35.35387,505.2
138.93583,35.35387,505.5
138.93579,35.35386,505.7
138.93575,35.35386,506
138.93571,35.35385,506.2
138.9356699,35.35385,506.5
138.93563,35.35384,506.8
138.93559,35.35383,507
138.93555,35.35383,507.3
138.9355,35.35383,507.6
138.93545,35.35382,507.8
138.9353999,35.35381,508.1
138.93535,35.35381,508.3
138.9353,35.3538,508.6
138.93525,35.3537899,508.8
138.9352,35.3537899,509
138.93514,35.35378,509.2
138.93509,35.35378,509.4
138.93503,35.35377,509.6
138.93497,35.35376,509.8
138.93492,35.35376,510
138.9348599,35.35375,510.2
138.9348,35.35374,510.3
138.93474,35.35373,510.5
138.9346799,35.35372,510.6
138.93462,35.35372,510.8
138.93456,35.35371,510.9
138.9345,35.35371,511
138.93443,35.3537,511.2
138.93437,35.3537,511.3
138.93431,35.35369,511.4
138.93424,35.35368,511.5
138.93417,35.35367,511.6
138.9341,35.35366,511.7
138.93404,35.35365,511.8
138.9339699,35.35364,511.9
138.93391,35.35363,512
138.93385,35.35361,512
138.93378,35.3536,512.1
138.9336999,35.35358,512.1
138.93362,35.35357,512.1
138.93354,35.35356,512.2
138.93346,35.35355,512.3
138.93338,35.35354,512.3
138.9333,35.35353,512.4
138.93322,35.35351,512.5
138.93314,35.3534999,512.6
138.93306,35.35348,512.6
138.93297,35.35347,512.7
138.9328899,35.35346,512.7
138.93281,35.35344,512.8
138.93272,35.35342,512.8
138.93263,35.3534099,512.9
138.93253,35.35339,512.9
138.93244,35.35337,512.9
138.93235,35.35336,512.9
138.93226,35.35334,513
138.93216,35.35331,513
138.93207,35.35329,513.1
138.93197,35.35327,513.2
138.93187,35.35324,513.3
138.93177,35.35322,513.3
138.93167,35.3532,513.4
138.93157,35.35318,513.5
138.93148,35.35316,513.6
138.93138,35.35314,513.7
138.9312799,35.3531199,513.8
138.93118,35.3531,514
138.93109,35.35308,514
138.93099,35.35306,514.1
138.93089,35.35304,514.1
138.93079,35.35302,514.2
138.93069,35.353,514.3
138.9306,35.35298,514.4
138.9305,35.35296,514.5
138.9304,35.35295,514.7
138.9303,35.35293,514.8
138.9302,35.35291,515
138.9301,35.35289,515.1
138.93,35.35288,515.2
138.92991,35.35286,515.3
138.92981,35.35284,515.4
138.92971,35.35282,515.5
138.92962,35.3528,515.6
138.92953,35.35278,515.7
138.92944,35.35277,515.7
138.92934,35.35275,515.7
138.92925,35.35273,515.7
138.92916,35.35272,515.8
138.92907,35.3527,515.8
138.92899,35.35268,516
138.9289,35.35266,516.1
138.92881,35.35265,516.3
138.92871,35.35264,516.5
138.92862,35.35263,516.7
138.92853,35.35262,516.8
138.92844,35.35262,516.9
138.92835,35.35261,517
138.92826,35.35261,517.1
138.92816,35.3526,517.1
138.92807,35.3526,517.1
138.92798,35.35259,517.2
138.92789,35.35259,517.4
138.92781,35.35258,517.6
138.92772,35.35258,517.8
138.92764,35.35258,518.1
138.92756,35.35258,518.3
138.92748,35.35258,518.5
138.92739,35.35258,518.7
138.92732,35.35258,518.8
138.92723,35.35258,519
138.92715,35.35258,519.2
138.92706,35.35257,519.5
138.9269799,35.35257,519.7
138.9269,35.35258,520
138.92682,35.35258,520.2
138.92673,35.35258,520.4
138.92665,35.35258,520.6
138.92656,35.35257,520.8
138.92647,35.3525599,521.1
138.92638,35.35255,521.4
138.92629,35.35254,521.7
138.92621,35.35253,522
138.92612,35.35252,522.3
138.92604,35.35252,522.5
138.92596,35.35251,522.7
138.92588,35.35251,522.9
138.92581,35.3525,523.1
138.9257299,35.3525,523.4
138.92566,35.3525,523.6
138.92558,35.3525,524
138.9255,35.35249,524.3
138.92543,35.35249,524.6
138.92535,35.35248,525
138.9252799,35.35248,525.3
138.92521,35.35248,525.6
138.92514,35.3524699,525.9
138.92507,35.3524699,526.2
138.925,35.35246,526.5
138.92493,35.35246,526.7
138.92486,35.35246,527
138.9248,35.35245,527.2
138.92473,35.35245,527.4
138.92466,35.35245,527.6
138.92459,35.35245,527.8
138.92453,35.35244,528
138.92446,35.35244,528.2
138.92439,35.35244,528.4
138.92432,35.35244,528.5
138.92425,35.35244,528.6
138.92418,35.35244,528.7
138.92411,35.35244,528.8
138.92402,35.35244,528.9
138.9239399,35.35244,529
138.9238499,35.35244,529.2
138.9237599,35.35244,529.5
138.92368,35.35243,529.8
138.92359,35.35243,530.3
138.92351,35.35243,530.7
138.92343,35.35243,531.1
138.92335,35.35243,531.4
138.92328,35.35243,531.7
138.92321,35.35243,532
138.9231299,35.35243,532.3
138.92306,35.35242,532.6
138.92298,35.35242,532.9
138.92291,35.35242,533.1
138.92284,35.35242,533.3
138.92276,35.35242,533.5
138.92269,35.35242,533.7
138.92261,35.35242,534
138.92254,35.35243,534.2
138.92247,35.35244,534.4
138.9224,35.35245,534.6
138.92232,35.35246,534.8
138.92225,35.35248,535
138.92218,35.35249,535.2
138.92211,35.3525,535.5
138.92204,35.35252,535.7
138.92198,35.35255,536
138.92192,35.35257,536.2
138.92185,35.35259,536.4
138.9217899,35.35261,536.6
138.92174,35.35263,536.8
138.92168,35.35266,537.1
138.92163,35.35268,537.3
138.92159,35.35271,537.6
138.92154,35.35273,537.8
138.92149,35.35276,538.2
138.92144,35.35277,538.5
138.92139,35.35279,538.8
138.9213399,35.35281,539.1
138.92129,35.35283,539.5
138.92124,35.3528499,539.9
138.92118,35.35288,540.3
138.92113,35.3529,540.7
138.92108,35.35293,541.1
138.92103,35.35295,541.5
138.9209799,35.35297,541.8
138.92094,35.35299,542.2
138.92089,35.353,542.5
138.92085,35.35301,542.8
138.9208,35.35302,543.1
138.92076,35.35304,543.4
138.92071,35.35306,543.7
138.92068,35.35307,543.9
138.92064,35.35308,544.1
138.92059,35.35309,544.5
138.92054,35.3531,544.7
138.92049,35.35311,545
138.92044,35.35313,545.2
138.92039,35.35316,545.4
138.92033,35.35318,545.5
138.92026,35.35319,545.7
138.9202,35.35321,545.8
138.92013,35.35323,545.8
138.92005,35.35325,545.9
138.91996,35.35327,546
138.91986,35.35328,546.1
138.91977,35.3533,546.2
138.91968,35.35331,546.3
138.91959,35.3533199,546.4
138.91949,35.35333,546.6
138.91939,35.35334,546.7
138.9193,35.35334,546.8
138.91921,35.35335,546.9
138.91912,35.35336,547.1
138.91903,35.35337,547.2
138.91894,35.35338,547.3
138.91885,35.35339,547.4
138.91876,35.3534,547.6
138.91867,35.3534099,547.7
138.91859,35.35343,547.8
138.91851,35.35344,547.9
138.91842,35.35345,548.1
138.91834,35.35347,548.2
138.91825,35.35348,548.4
138.91817,35.3534999,548.5
138.91809,35.35351,548.6
138.918,35.35353,548.8
138.91792,35.35353,548.9
138.91783,35.35354,549.1
138.91775,35.35355,549.3
138.9176699,35.35356,549.4
138.91759,35.35356,549.6
138.9175,35.35357,549.7
138.91741,35.35357,549.9
138.91733,35.35357,550.1
138.91725,35.35357,550.2
138.91717,35.35356,550.3
138.91709,35.35356,550.5
138.917,35.35355,550.6
138.91691,35.35355,550.8
138.91683,35.35355,551
138.91674,35.35354,551.3
138.91666,35.35354,551.5
138.91658,35.35354,551.7
138.91649,35.35354,551.9
138.91641,35.35354,552.1
138.91634,35.35353,552.3
138.91626,35.35352,552.5
138.91619,35.35352,552.7
138.91611,35.35351,552.9
138.91603,35.3534999,553
138.91595,35.35349,553.2
138.91587,35.35349,553.4
138.9158,35.35348,553.5
138.91572,35.35347,553.7
138.91564,35.35347,553.9
138.91555,35.35346,554.1
138.91547,35.35345,554.3
138.91539,35.35344,554.5
138.91532,35.35343,554.7
138.91524,35.35343,554.9
138.9151599,35.35343,555.1
138.91509,35.35342,555.3
138.91501,35.35342,555.5
138.91493,35.3534099,555.8
138.91484,35.3534,556.1
138.91477,35.35339,556.4
138.9147,35.35338,556.6
138.91462,35.35337,556.9
138.91456,35.35336,557.1
138.91449,35.35335,557.3
138.91442,35.35335,557.5
138.91435,35.35335,557.8
138.91428,35.35335,558
138.91421,35.35335,558.1
138.91415,35.35335,558.3
138.91408,35.35335,558.4
138.91401,35.35335,558.6
138.91393,35.35334,558.8
138.91387,35.35334,559
138.91381,35.35333,559.2
138.91374,35.35334,559.4
138.91368,35.35334,559.7
138.91361,35.35334,559.9
138.91354,35.35334,560.1
138.91347,35.35334,560.2
138.9134,35.35334,560.4
138.91332,35.35334,560.4
138.91322,35.35334,560.5
138.91312,35.35333,560.7
138.91302,35.3533199,560.9
138.91291,35.3533199,561.2
138.91281,35.35331,561.5
138.91272,35.3533,561.8
138.91262,35.35329,562.2
138.91253,35.35329,562.5
138.91244,35.35328,562.8
138.91236,35.35327,563
138.91227,35.35327,563.3
138.91218,35.35326,563.6
138.9121,35.35326,563.9
138.91201,35.35326,564.3
138.91192,35.35325,564.6
138.91184,35.35325,565
138.9117599,35.35326,565.3
138.91168,35.35326,565.7
138.9116,35.35326,566
138.91151,35.35326,566.3
138.91143,35.35326,566.5
138.91135,35.35326,566.7
138.91127,35.35325,567
138.91119,35.35325,567.3
138.91111,35.35325,567.6
138.91104,35.35324,567.8
138.91096,35.35324,568.1
138.91087,35.35324,568.3
138.9108,35.35323,568.5
138.91072,35.35323,568.8
138.91064,35.35323,569.1
138.91057,35.35322,569.4
138.91049,35.35321,569.7
138.91041,35.35321,570
138.9103299,35.3532,570.4
138.91026,35.3532,570.7
138.91019,35.35319,571
138.91011,35.35319,571.3
138.91003,35.35319,571.6
138.90996,35.35319,571.9
138.9098799,35.35318,572.2
138.90981,35.35317,572.4
138.90974,35.35317,572.7
138.90967,35.35316,573
138.90959,35.35315,573.4
138.90953,35.35315,573.7
138.90946,35.35314,574.1
138.9094,35.35314,574.4
138.90933,35.35313,574.8
138.9092499,35.35313,575.2
138.90918,35.3531199,575.5
138.90911,35.35313,575.8
138.90903,35.3531199,576.2
138.90896,35.3531199,576.4
138.90889,35.35313,576.7
138.90881,35.3531199,577
138.90874,35.3531199,577.2
138.90867,35.3531199,577.5
138.9086,35.3531199,577.8
138.90853,35.35311,578.1
138.90846,35.35311,578.3
138.90838,35.3531,578.6
138.90831,35.3531,578.9
138.90825,35.3531,579.1
138.9081799,35.3531,579.4
138.90811,35.3531,579.7
138.90804,35.35309,580
138.90797,35.35309,580.3
138.9079,35.35308,580.7
138.9078199,35.35308,581
138.90774,35.35308,581.3
138.90767,35.35307,581.6
138.90759,35.35306,581.9
138.90752,35.35305,582.1
138.90745,35.35304,582.3
138.90738,35.35304,582.5
138.90731,35.35305,582.7
138.90724,35.35305,582.9
138.90717,35.35305,583.1
138.9071,35.35306,583.3
138.90702,35.35306,583.5
138.90694,35.35305,583.7
138.90687,35.35305,583.9
138.90679,35.35305,584.2
138.90671,35.35305,584.4
138.90664,35.35306,584.6
138.9065699,35.35305,584.9
138.90649,35.35304,585.1
138.90642,35.3530299,585.4
138.90634,35.35302,585.7
138.90626,35.35301,586
138.90619,35.35302,586.3
138.90611,35.35302,586.6
138.9060299,35.35301,586.9
138.90595,35.353,587.2
138.90587,35.35299,587.5
138.90578,35.35297,587.9
138.9057,35.35296,588.2
138.90561,35.35295,588.5
138.90553,35.3529399,588.8
138.90545,35.35293,589.1
138.90536,35.35293,589.4
138.90528,35.35292,589.7
138.9052,35.35292,589.9
138.90511,35.35291,590.2
138.90503,35.35291,590.5
138.90494,35.35291,590.8
138.90486,35.3529,591.2
138.90477,35.3529,591.5
138.9046899,35.35289,591.8
138.90461,35.35289,592.1
138.90452,35.35289,592.4
138.90444,35.35288,592.6
138.90436,35.35288,592.9
138.90427,35.35287,593.2
138.90419,35.35286,593.5
138.90411,35.3528499,593.8
138.90403,35.35284,594.1
138.90394,35.35284,594.4
138.90386,35.35283,594.7
138.90378,35.35282,594.9
138.9036999,35.35281,595.1
138.90362,35.35279,595.4
138.90354,35.35278,595.6
138.90346,35.35277,595.8
138.90338,35.35275,596.1
138.9033,35.35273,596.4
138.90323,35.35272,596.6
138.90315,35.3527,597
138.90307,35.35269,597.3
138.903,35.35267,597.7
138.90293,35.35265,598.1
138.90285,35.35264,598.5
138.90278,35.35262,598.8
138.90271,35.35261,599
138.9026299,35.3526,599.3
138.90256,35.35258,599.6
138.90249,35.35257,599.9
138.90241,35.35255,600.2
138.90234,35.35254,600.5
138.9022699,35.35253,600.8
138.9022,35.35251,601.1
138.90213,35.3525,601.3
138.90206,35.35249,601.6
138.90199,35.3524699,601.8
138.90192,35.35245,602.1
138.90185,35.35244,602.3
138.90178,35.35242,602.6
138.90171,35.35241,602.8
138.9016399,35.3524,603.1
138.90157,35.3523799,603.4
138.90149,35.35237,603.7
138.90142,35.35236,604
138.90135,35.35235,604.3
138.90129,35.35234,604.6
138.90122,35.35233,604.9
138.90116,35.35231,605.2
138.90109,35.3523,605.5
138.90103,35.35229,605.7
138.90097,35.35227,606
138.9009,35.35226,606.3
138.90084,35.35226,606.5
138.90077,35.35225,606.8
138.90071,35.35224,607
138.90064,35.35222,607.2
138.90058,35.35221,607.4
138.90051,35.3522,607.7
138.90044,35.35218,608
138.90038,35.35217,608.3
138.90031,35.35215,608.6
138.90024,35.35214,608.9
138.90018,35.35212,609.2
138.90011,35.35211,609.5
138.90005,35.3521,609.7
138.89998,35.3520899,610
138.89992,35.35208,610.2
138.8998499,35.35206,610.5
138.89979,35.35205,610.7
138.89972,35.35204,610.9
138.89965,35.35202,611.2
138.89959,35.35201,611.4
138.89952,35.3519999,611.7
138.89946,35.35199,611.9
138.89939,35.35197,612.2
138.89933,35.35196,612.4
138.89926,35.35195,612.6
138.89919,35.35194,612.9
138.89913,35.35193,613.1
138.89907,35.3519099,613.4
138.899,35.3519,613.7
138.89894,35.35189,614
138.8988699,35.35188,614.4
138.89881,35.35186,614.6
138.89874,35.35185,614.9
138.89868,35.35184,615.2
138.89861,35.3518199,615.5
138.89855,35.35181,615.7
138.89848,35.3518,616.1
138.8984199,35.35179,616.4
138.89836,35.35178,616.7
138.8983,35.35177,617
138.89823,35.35175,617.3
138.89817,35.35174,617.6
138.89811,35.35173,617.9
138.89805,35.35172,618.3
138.89798,35.35171,618.6
138.89792,35.3517,619
138.89786,35.35169,619.3
138.8977899,35.35167,619.6
138.89773,35.35166,619.9
138.89767,35.35165,620.2
138.8976,35.35164,620.5
138.89754,35.3516199,620.8
138.89748,35.35161,621
138.89741,35.3516,621.3
138.89735,35.35159,621.6
138.89729,35.35158,621.9
138.89723,35.35157,622.2
138.89716,35.35156,622.5
138.8971,35.35155,622.8
138.89704,35.35154,623.2
138.89698,35.35152,623.5
138.89691,35.35152,623.8
138.89685,35.35151,624
138.89679,35.35151,624.3
138.8967199,35.3515,624.6
138.89666,35.3515,624.8
138.8966,35.35149,625.1
138.89653,35.35148,625.4
138.89647,35.35148,625.6
138.8964,35.35147,626
138.89634,35.35147,626.3
138.89628,35.35146,626.6
138.89623,35.35146,626.8
138.89617,35.35145,627.2
138.89611,35.3514399,627.5
138.89605,35.35142,627.8
138.89599,35.3514,628
138.89593,35.35138,628.3
138.89587,35.35136,628.5
138.89581,35.35134,628.8
138.89575,35.35131,629.1
138.89569,35.35129,629.3
138.8956399,35.35127,629.5
138.89553,35.35125,629.8
138.8955499,35.35129,629.8
138.89556,35.35133,629.8
138.8955499,35.35137,629.9
138.89553,35.35141,629.9
138.89551,35.3514399,630
138.89547,35.35148,630.2
138.89544,35.35151,630.4
138.8954,35.3515299,630.6
138.89536,35.35156,631
138.89533,35.35158,631.2
138.8953,35.3516,631.5
138.89526,35.3516199,631.9
138.89523,35.35163,632.2
138.8952,35.35165,632.6
138.89517,35.35166,632.9
138.89514,35.35168,633.3
138.89511,35.35169,633.6
138.89508,35.3517,634
138.89505,35.35172,634.4
138.89502,35.35173,634.7
138.895,35.35174,635
138.89497,35.35176,635.5
138.89495,35.35177,635.7
138.89492,35.35178,636.1
138.8949,35.35179,636.4
138.89488,35.35181,636.8
138.89486,35.3518199,637
138.8948399,35.35183,637.3
138.89483,35.35185,637.6
138.89482,35.35187,638
138.89482,35.35189,638.3
138.89482,35.3519099,638.6
138.89482,35.35193,638.8
138.89483,35.35195,639.2
138.8948399,35.35197,639.5
138.89485,35.35199,639.8
138.89487,35.3519999,640.1
138.89489,35.35202,640.5
138.89491,35.35203,640.7
138.8949299,35.35205,641.1
138.89495,35.35206,641.4
138.89497,35.35208,641.7
138.895,35.3521,642.2
138.89502,35.35212,642.5
138.89504,35.35213,642.8
138.89507,35.35214,643.1
138.89509,35.35216,643.5
138.89512,35.35217,643.8
138.89514,35.35219,644.1
138.89517,35.3522,644.5
138.89519,35.35221,644.7
138.89522,35.35222,645.1
138.89525,35.35223,645.4
138.89528,35.35224,645.8
138.8953,35.35225,646.1
138.89533,35.35227,646.5
138.89535,35.35228,646.7
138.89537,35.35229,647
138.89539,35.3523,647.2
138.89541,35.35231,647.5
138.89544,35.35233,647.9
138.89547,35.35234,648.3
138.89549,35.35235,648.5
138.89552,35.35237,648.9
138.89554,35.3523799,649.1
138.89557,35.3524,649.6
138.8956,35.35241,649.9
138.89562,35.35243,650.2
138.8956399,35.35245,650.5
138.89567,35.3524699,650.9
138.89568,35.35249,651.2
138.8957,35.35251,651.5
138.89572,35.35253,651.8
138.89574,35.35255,652.2
138.89576,35.35257,652.5
138.89577,35.35259,652.7
138.89578,35.35261,653
138.89579,35.35264,653.4
138.8958,35.35267,653.8
138.89581,35.35269,654
138.89581,35.35272,654.4
138.8958199,35.35274,654.6
138.89583,35.35277,655
138.89583,35.35279,655.2
138.8958199,35.35282,655.6
138.8958199,35.3528499,656
138.8958199,35.35287,656.2
138.8958199,35.3529,656.6
138.89581,35.35292,656.8
138.89581,35.35295,657.2
138.89581,35.35297,657.5
138.8958,35.35299,657.7
138.89579,35.35301,658
138.89578,35.3530299,658.3
138.89577,35.35305,658.5
138.89575,35.35307,658.8
138.89572,35.35309,659.2
138.8957,35.35311,659.5
138.89568,35.35313,659.8
138.89565,35.35316,660.2
138.89562,35.35318,660.5
138.89559,35.3532,660.8
138.8955499,35.35321,661.2
138.89552,35.35323,661.5
138.89549,35.35325,661.8
138.89546,35.35326,662.1
138.89542,35.35327,662.4
138.89538,35.35328,662.8
138.89535,35.35329,663
138.89531,35.3533,663.4
138.89527,35.35331,663.8
138.89524,35.35331,664
138.8952,35.35331,664.4
138.89517,35.3533199,664.6
138.89513,35.35333,665
138.8951,35.35333,665.2
138.89506,35.35334,665.6
138.89503,35.35335,665.9
138.89499,35.35335,666.2
138.89495,35.35335,666.5
138.89492,35.35336,666.8
138.89488,35.35336,667.1
138.89485,35.35337,667.4
138.89481,35.35337,667.7
138.89477,35.35338,668
138.89474,35.35338,668.2
138.8947,35.35339,668.5
138.89465,35.3534,668.8
138.8946,35.3534,669
138.89456,35.3534099,669.2
138.89451,35.35342,669.4
138.89446,35.35343,669.6
138.89441,35.35343,669.7
138.89434,35.35344,669.9
138.89428,35.35345,670
138.8942099,35.35346,670
138.89415,35.35347,670.1
138.89408,35.35348,670.2
138.89401,35.35349,670.2
138.8939399,35.35349,670.3
138.89387,35.3534999,670.4
138.89379,35.35351,670.4
138.89371,35.35352,670.5
138.89363,35.35353,670.5
138.89355,35.35354,670.6
138.89347,35.35355,670.7
138.89339,35.35355,670.7
138.89331,35.35356,670.7
138.89323,35.35357,670.7
138.89314,35.35358,670.7
138.89306,35.3535899,670.8
138.89297,35.3536,670.8
138.89289,35.35361,670.9
138.8928,35.35362,670.9
138.89272,35.35363,671
138.89262,35.35364,671
138.8925099,35.35365,671.1
138.8924199,35.35365,671.2
138.89234,35.35366,671.2
138.89226,35.35368,671.3
138.89218,35.35371,671.4
138.8921,35.35374,671.4
138.89203,35.35378,671.5
138.89196,35.35382,671.5
138.89189,35.35385,671.6
138.89181,35.3539,671.6
138.89174,35.35394,671.7
138.89168,35.35398,671.8
138.8916099,35.35402,671.9
138.89154,35.3540599,671.9
138.89148,35.35411,672
138.89142,35.35415,672.1
138.89136,35.35419,672.2
138.89132,35.35429,672.2
138.89168,35.35461,672.8
138.89198,35.35487,674
138.89223,35.35511,675.2
138.89246,35.35537,675.9
138.89263,35.35562,676
138.89306,35.35637,674.2
138.89348,35.35711,671.1
138.89391,35.35786,668.2
138.89434,35.3586,666
138.89455,35.3589,665.3
138.89481,35.35917,664.1
138.89491,35.35922,663.6
138.89506,35.35926,662.8
138.89543,35.35927,660.2
138.89572,35.35933,658
138.89589,35.3594,656.6
138.89607,35.35952,654.9
138.89617,35.35964,653.5
138.89646,35.36007,648.6
138.89675,35.3605,644.3
138.89692,35.3607299,642.1
138.89708,35.36087,640.5
138.89777,35.36131,633.9
138.89847,35.36174,629.8
138.89898,35.36211,628.5
138.89934,35.36243,627.8
138.8997,35.36282,627.2
138.90007,35.36321,626.6
138.90027,35.36337,626.2
138.90051,35.36349,625.6
138.90092,35.36366,624.6
138.90147,35.36381,622.9
138.90203,35.36395,621.2
138.90231,35.36404,620.4
138.90292,35.36416,618.8
138.90373,35.36426,617.1
138.90453,35.36432,615.2
138.90545,35.3642899,613.1
138.90636,35.36425,609.9
138.90715,35.36426,605.9
138.90766,35.36433,602.9
138.9084499,35.3644,597.5
138.90868,35.3644,596.1
138.90896,35.36437,594.6
138.9099,35.36416,589
138.91084,35.36403,582.4
138.91172,35.3636399,578.4
138.91241,35.36419,577.5
138.91311,35.36473,577.4
138.9134,35.3651399,577
138.91369,35.36555,576.2
138.91395,35.36576,575.5
138.9142699,35.36588,574.9
138.91474,35.36588,573.9
138.9156,35.36577,571.8
138.91645,35.36566,570.7
138.9171,35.36554,570.4
138.9177,35.36545,570.4
138.91851,35.36526,570.1
138.91921,35.36493,569.1
138.9199099,35.36459,567.1
138.92085,35.3642899,564
138.92178,35.36399,560.5
138.92272,35.36369,558.4
138.92365,35.36338,555.3
138.92459,35.3630799,550.3
138.92552,35.36278,545.6
138.9262,35.36256,542.5
138.92688,35.36234,538.6
138.92727,35.36224,536.1
138.928,35.36213,531.6
138.92869,35.36201,527.7
138.92938,35.36188,524.2
138.93026,35.3618499,518.3
138.93114,35.36181,514.7
138.93174,35.36182,512.8
138.93183,35.36187,512.5
138.93197,35.36198,511.8
138.93203,35.3621399,510.9
138.93213,35.3626999,506.7
138.9324,35.36318,501.8
138.93245,35.36329,501.2
138.93251,35.36339,500.8
138.93284,35.36387,500.5
138.93321,35.36426,500.5
138.93326,35.36434,500.6
138.93344,35.36453,501.2
138.9335,35.3645799,501.5
138.93356,35.36464,501.8
138.93363,35.3646699,502.1
138.9336999,35.3647,502.3
138.93392,35.36482,502.8
138.93408,35.36491,503.2
138.93416,35.36495,503.5
138.93424,35.365,503.8
138.93432,35.36504,504.1
138.9344,35.36509,504.4
138.9348,35.36531,504.6
138.93537,35.36565,504.6
138.9358499,35.36593,504.1
138.9359399,35.36598,503.9
138.93613,35.36607,503.3
138.93622,35.36613,502.9
138.93632,35.36619,502.4
138.93641,35.36625,501.8
138.93651,35.36631,501.2
138.9366,35.36637,500.7
138.93669,35.36643,500.1
138.93678,35.36648,499.4
138.93686,35.36652,498.6
138.93693,35.36656,497.9
138.93698,35.36659,497.3
138.93702,35.36661,496.9
138.93704,35.3666399,496.6
138.93704,35.36667,496.4
138.93691,35.36674,495.9
138.93688,35.36676,495.8
138.93684,35.36687,495.7
138.93684,35.3669,495.7
138.93689,35.36697,495.7
138.93694,35.3670199,495.7
138.93709,35.36717,495.7
138.9374,35.36754,495.8
138.93742,35.36759,495.8
138.93748,35.3677599,496.4
138.93751,35.3678,496.7
138.93754,35.36783,496.9
138.93757,35.36787,497.1
138.93761,35.36791,497.4
138.93765,35.36795,497.6
138.93787,35.3682299,497.8
138.93805,35.36842,497.9
138.93808,35.36846,497.9
138.93811,35.3685,497.9
138.93823,35.36866,497.9
138.93837,35.3688999,498.7
138.93839,35.36895,499.1
138.93841,35.36901,499.7
138.93842,35.36907,500.4
138.93844,35.36913,501
138.93845,35.36919,501.7
138.93846,35.36925,502.4
138.93846,35.36931,503
138.93846,35.36937,503.6
138.93845,35.36942,504.1
138.93844,35.36948,504.6
138.93839,35.36959,505.5
138.93837,35.3696399,505.9
138.93835,35.36969,506.3
138.93831,35.36974,506.7
138.93827,35.36978,507
138.93818,35.36987,507.5
138.93804,35.36998,508.3
138.93799,35.3700199,508.7
138.93794,35.37005,509.1
138.93784,35.37009,509.8
138.93779,35.3701099,510.2
138.93775,35.37013,510.6
138.9377,35.37015,511
138.93766,35.37017,511.4
138.93762,35.37018,511.8
138.93758,35.3701999,512.3
138.9375499,35.37022,512.6
138.93751,35.37024,513.1
138.93747,35.37025,513.5
138.93743,35.37026,513.9
138.93738,35.37028,514.4
138.93734,35.37029,514.8
138.9373,35.3703,515.2
138.93726,35.3703,515.6
138.93721,35.37031,516.1
138.93717,35.37031,516.5
138.9370099,35.37032,517.8
138.93696,35.37032,518.2
138.9369199,35.37032,518.5
138.93688,35.37032,518.9
138.9368299,35.37032,519.3
138.9367399,35.37031,520
138.9367,35.37031,520.3
138.93666,35.37031,520.6
138.93661,35.37031,520.9
138.93657,35.37031,521.2
138.93652,35.3703,521.5
138.93633,35.37029,522.6
138.93629,35.37028,522.9
138.93624,35.37028,523.3
138.9362,35.37028,523.6
138.93616,35.37028,523.9
138.93607,35.37027,524.7
138.93602,35.37027,525.2
138.93598,35.37027,525.5
138.9359399,35.37026,525.9
138.93589,35.37026,526.4
138.9358,35.37026,527.1
138.9357599,35.37026,527.5
138.93571,35.37026,527.9
138.9356699,35.37025,528.2
138.93563,35.37025,528.6
138.93554,35.37025,529.3
138.9355,35.37025,529.6
138.93545,35.37024,530.1
138.93541,35.37024,530.4
138.93537,35.37024,530.7
138.93524,35.37024,531.7
138.93519,35.37023,532.1
138.93515,35.37023,532.4
138.93511,35.37023,532.8
138.93507,35.37023,533.1
138.93502,35.37022,533.6
138.93498,35.37022,534
138.93494,35.37022,534.4
138.9349,35.37022,534.8
138.93485,35.37022,535.2
138.9346799,35.37021,536.4
138.93463,35.37021,536.7
138.9345899,35.37021,537
138.93454,35.37021,537.4
138.9345,35.37021,537.7
138.93441,35.3701999,538.4
138.93436,35.3701999,538.8
138.93432,35.3701999,539.1
138.93427,35.3701999,539.4
138.93423,35.3701999,539.6
138.93399,35.37019,540.9
138.93394,35.37019,541.3
138.9339,35.37019,541.5
138.93385,35.37019,541.9
138.9338,35.3701999,542.3
138.93371,35.37021,543
138.93367,35.37021,543.4
138.93363,35.37022,543.7
138.93359,35.37023,544
138.93355,35.37024,544.4
138.9334299,35.37027,545.2
138.93339,35.37028,545.5
138.93336,35.3703,545.8
138.93329,35.37034,546.3
138.93319,35.37039,546.8
138.933,35.3705,547.8
138.9329799,35.37051,547.9
138.9329799,35.37052,548
138.93294,35.3705799,548.4
138.93288,35.37064,548.7
138.93272,35.37079,549
138.93256,35.37095,549.7
138.93252,35.371,550
138.93248,35.37104,550.3
138.93244,35.37108,550.6
138.9324,35.37113,550.9
138.93228,35.37126,551.3
138.93203,35.37155,552.1
138.93199,35.3716,552.4
138.93194,35.37164,552.7
138.9319,35.37169,553
138.93185,35.37174,553.2
138.93181,35.3718,553.4
138.93179,35.37185,553.5
138.93172,35.3721,553.6
138.9318,35.37234,553.7
138.93201,35.37254,553.7
138.93235,35.37286,554.3
138.93241,35.37292,554.6
138.93246,35.37297,554.8
138.93252,35.37303,555.1
138.93257,35.37308,555.3
138.93282,35.37334,555.6
138.9327999,35.37346,555.6
138.9327,35.37356,555.7
138.93258,35.37367,555.7
138.93217,35.3739599,555.8
138.93211,35.3739599,555.8
138.9319999,35.37393,556.1
138.9319099,35.37385,556.6
138.93187,35.37382,556.9
138.93178,35.37375,557.5
138.9316399,35.37367,558.4
138.9316,35.37364,558.7
138.93156,35.37363,559
138.93152,35.37361,559.3
138.93148,35.3735799,559.7
138.93141,35.37353,560.4
138.93138,35.3735,560.8
138.93135,35.37346,561.3
138.93132,35.37343,561.8
138.93129,35.3733999,562.2
138.93126,35.37336,562.8
138.93123,35.37333,563.3
138.9312,35.37329,563.9
138.93118,35.37327,564.2
138.93115,35.37323,564.8
138.93112,35.3732,565.2
138.9310999,35.37317,565.6
138.93107,35.37313,566.2
138.93104,35.3731,566.6
138.9310099,35.37307,567.1
138.93098,35.37304,567.6
138.93095,35.37301,568
138.9309199,35.37298,568.5
138.93089,35.37295,568.9
138.93086,35.37292,569.3
138.9308299,35.37289,569.7
138.93079,35.37287,570.1
138.93076,35.3728399,570.5
138.93069,35.37279,571.2
138.93066,35.37276,571.6
138.93063,35.37274,571.9
138.93056,35.37268,572.7
138.93047,35.37261,573.6
138.93044,35.37259,573.9
138.93041,35.37256,574.3
138.93029,35.37247,575.7
138.93017,35.37238,577
138.93007,35.37229,578.1
138.92995,35.37219,579.1
138.92984,35.37211,579.7
138.92972,35.37202,580.1
138.92959,35.37193,580.5
138.92946,35.37184,580.7
138.92929,35.37179,580.8
138.9291299,35.37177,581.1
138.92896,35.37177,581.3
138.92879,35.37177,581.6
138.92861,35.37178,581.9
138.92843,35.37178,582
138.92825,35.37178,581.8
138.9280599,35.37177,581.9
138.92787,35.37177,581.8
138.92767,35.37175,582
138.92749,35.37178,582.4
138.9273399,35.37188,582.6
138.92726,35.37201,582.9
138.92736,35.37214,583.2
138.92754,35.37226,583.4
138.92763,35.37245,583.3
138.92774,35.37252,583.3
138.92784,35.37259,583.3
138.92794,35.37265,583.3
138.92805,35.37272,583.3
138.92814,35.37279,583.3
138.92824,35.37285,583.3
138.92835,35.37292,583.3
138.92845,35.37299,583.3
138.92855,35.37306,583.3
138.92866,35.37313,583.3
138.9287699,35.3732,583.3
138.92888,35.37327,583.3
138.92899,35.37334,583.3
138.9291,35.37341,583.3
138.92921,35.37348,583.3
138.92932,35.37356,583.3
138.92943,35.37363,583.3
138.92954,35.37371,583.3
138.92965,35.3737799,583.3
138.92977,35.37386,583.3
138.92988,35.37393,583.3
138.92999,35.37401,583.3
138.9301,35.37408,583.3
138.93022,35.37416,583.3
138.93033,35.37423,583.3
138.93044,35.37431,583.3
138.93055,35.37438,583.3
138.93066,35.37446,583.3
138.93077,35.37454,583.3
138.93087,35.3746099,583.3
138.93099,35.37468,583.3
138.9310999,35.37476,583.3
138.93121,35.37483,583.3
138.93132,35.37491,583.3
138.93143,35.37498,583.3
138.93154,35.37506,583.3
138.9316399,35.37513,583.3
138.93175,35.3752,583.3
138.93185,35.3752799,583.3
138.93196,35.37535,583.3
138.93207,35.37542,583.3
138.93218,35.3755,583.3
138.93228,35.37557,583.2
138.93239,35.37564,583.2
138.93249,35.37571,583.2
138.9326,35.37578,583
138.9327,35.37585,582.8
138.93281,35.37592,582.4
138.93291,35.37598,582.1
138.933,35.37604,581.7
138.93308,35.3761,581.5
138.9331599,35.37614,581.4
138.93323,35.37619,581.3
138.9333,35.37624,581.3
138.93337,35.37628,581.3
138.9334299,35.3763,581.3
138.93351,35.37632,581.2
138.93358,35.37632,581.2
138.93366,35.3763,581.2
138.93373,35.37626,581.1
138.9337899,35.37619,580.9
138.93383,35.37611,580.7
138.93384,35.376,580.2
138.93382,35.37589,579.7
138.9338,35.37577,579
138.93377,35.37564,578.2
138.93374,35.3755,577.2
138.93372,35.37536,576.1
138.93368,35.37521,574.9
138.93364,35.37506,573.7
138.93357,35.37491,572.5
138.93347,35.37477,571.2
138.93335,35.37464,570
138.93323,35.37451,568.7
138.9331,35.37438,567.4
138.93297,35.37424,566.2
138.93284,35.37411,565.1
138.9327099,35.37398,564.1
138.93258,35.37385,563.2
138.93245,35.37372,562.3
138.93233,35.37359,561.6
138.93219,35.37346,561.3
138.93206,35.37334,561.3
138.93194,35.37322,561.3
138.9318199,35.3731,561.3
138.9317,35.37298,561.3
138.93159,35.37287,561.3
138.93149,35.37276,561.3
138.93138,35.37266,561.3
138.9312799,35.37256,561.3
138.93118,35.37245,561.4
138.93109,35.37235,561.7
138.9310099,35.37225,562.1
138.93095,35.37214,562.4
138.93091,35.37202,562.8
138.9309199,35.3718999,563.1
138.93096,35.37179,563.2
138.93102,35.37168,563.2
138.93109,35.37157,563.2
138.93118,35.37145,563.2
138.93125,35.3713399,563.2
138.93133,35.37122,563.2
138.93141,35.3711,563
138.93149,35.37097,562.6
138.93156,35.37084,562.1
138.93161,35.37071,561.5
138.93165,35.37056,560.8
138.93168,35.37042,560
138.93169,35.37028,559.1
138.93168,35.37013,558.1
138.93166,35.36998,557.1
138.93162,35.36984,556.2
138.93156,35.3697,555.4
138.93148,35.36957,555.1
138.9313699,35.36944,554.9
138.93125,35.36933,554.6
138.9310999,35.36924,554.2
138.93095,35.3691699,553.7
138.93079,35.36912,553.3
138.93062,35.36907,553
138.93046,35.36904,552.9
138.9303,35.36902,552.9
138.93015,35.36903,553.1
138.93001,35.36905,553.4
138.92986,35.36909,553.9
138.92973,35.36913,554.6
138.92961,35.36919,555.2
138.92951,35.36926,555.9
138.92942,35.36933,556.6
138.92934,35.36941,557.2
138.92927,35.36949,557.9
138.92921,35.36957,558.4
138.92914,35.36965,559.1
138.92908,35.3697299,559.7
138.92902,35.36981,560.3
138.9289499,35.36988,560.9
138.92889,35.36995,561.4
138.92883,35.3700199,561.9
138.9287699,35.37009,562.4
138.92872,35.37016,562.8
138.92866,35.37023,563.2
138.9286,35.3703,563.6
138.92855,35.37036,563.9
138.92847,35.37042,564.1
138.9284,35.37047,564.2
138.92832,35.3705,564.2
138.92822,35.37053,564.2
138.92811,35.37054,564.2
138.92801,35.37052,564.3
138.92791,35.37047,564.3
138.92783,35.3703999,564.3
138.92775,35.37032,564.3
138.92769,35.37023,564.3
138.92764,35.37013,564.3
138.92759,35.3700199,564.3
138.92755,35.36992,564.3
138.92753,35.36981,564.3
138.92751,35.36969,564.3
138.92751,35.36957,564.3
138.9275199,35.36945,564.3
138.92753,35.36933,564.2
138.92755,35.3692,564.2
138.92757,35.3690799,564.2
138.9276,35.36896,564
138.92762,35.36884,563.7
138.92764,35.3686999,563.2
138.92765,35.36858,562.8
138.92766,35.36844,562.4
138.92767,35.36831,562.1
138.92768,35.36818,561.8
138.92767,35.3680499,561.7
138.92765,35.36792,561.6
138.9276099,35.36778,561.5
138.92755,35.36766,561.2
138.92748,35.36754,560.8
138.9274,35.36741,560.2
138.92732,35.3672899,559.6
138.92724,35.36717,559.1
138.9271599,35.36704,558.4
138.92709,35.36692,557.9
138.92701,35.3668,557.3
138.92692,35.36667,556.7
138.92684,35.36654,556
138.92675,35.36642,555.5
138.92665,35.3663,554.9
138.92653,35.36618,554.3
138.92639,35.36607,553.8
138.92625,35.36597,553.4
138.9261,35.36587,552.8
138.92594,35.36577,552.2
138.92577,35.36568,551.5
138.92561,35.36558,550.8
138.9254599,35.3655,550.1
138.9253,35.3654,549.4
138.92515,35.36531,548.8
138.9250099,35.3652299,548.3
138.92486,35.3651399,548.1
138.92472,35.36506,548.1
138.9246,35.36498,548.1
138.92447,35.36491,548.1
138.92436,35.36484,548.1
138.92425,35.36479,548.1
138.92415,35.36473,548.1
138.92404,35.3647,548.1
138.9239399,35.36469,548.1
138.9238499,35.36471,548.2
138.9237599,35.36475,548.3
138.9236699,35.3648,548.6
138.9235799,35.3648499,549
138.9235,35.36489,549.3
138.92341,35.36494,549.8
138.92332,35.36498,550.3
138.92324,35.36502,550.8
138.92315,35.36507,551.4
138.92308,35.36511,551.9
138.923,35.3651399,552.4
138.92292,35.36518,553
138.92284,35.36521,553.6
138.92277,35.36525,554.1
138.9227,35.36528,554.7
138.92263,35.3653199,555.3
138.92257,35.36536,556
138.9225,35.36539,556.6
138.92244,35.36543,557.2
138.92238,35.36547,557.9
138.92232,35.3655,558.4
138.92226,35.36554,559
138.92221,35.36557,559.5
138.9221499,35.3656099,560
138.9221,35.36565,560.5
138.9220599,35.36569,560.9
138.92201,35.36572,561.3
138.9219699,35.36576,561.7
138.92193,35.3658,562.2
138.92189,35.36584,562.6
138.92185,35.36588,563
138.92181,35.36593,563.5
138.92178,35.36597,563.8
138.92175,35.36601,564.1
138.92173,35.36606,564.5
138.92171,35.36611,564.8
138.9216999,35.3661699,565.2
138.92171,35.36623,565.5
138.92172,35.36628,565.7
138.92175,35.36634,565.8
138.9217899,35.36639,566
138.92184,35.36644,566.1
138.92189,35.36648,566.4
138.92196,35.36652,566.7
138.92204,35.36656,567
138.92212,35.36659,567.3
138.9222,35.36663,567.6
138.92229,35.36666,567.7
138.92238,35.3667,567.8
138.92246,35.36675,567.8
138.92254,35.3668,567.8
138.92262,35.36685,567.8
138.92269,35.36691,567.9
138.92275,35.36698,567.9
138.9228,35.36706,567.9
138.92285,35.36714,567.9
138.92288,35.36721,567.9
138.9229,35.3673,567.9
138.92291,35.36738,567.9
138.92292,35.36746,567.9
138.92291,35.36754,567.9
138.9229,35.36761,568
138.92287,35.3676699,568.2
138.92285,35.36774,568.5
138.92281,35.3678,569
138.92276,35.36785,569.4
138.92271,35.3679,570
138.92266,35.36795,570.5
138.92261,35.36798,571
138.92256,35.36801,571.5
138.92249,35.36804,572
138.92243,35.36804,572.3
138.92236,35.36803,572.5
138.92229,35.368,572.7
138.92223,35.36797,572.8
138.92217,35.36792,572.8
138.92212,35.36787,572.8
138.9220599,35.36782,572.8
138.922,35.3677599,572.8
138.92194,35.3677,572.9
138.92187,35.36764,572.9
138.9218,35.3675799,572.9
138.92173,35.36752,572.9
138.92165,35.36746,572.9
138.92157,35.3674,572.9
138.92149,35.36735,572.9
138.92141,35.3672899,572.9
138.92133,35.36724,572.9
138.92124,35.36719,572.9
138.9211599,35.36715,572.9
138.92106,35.3671,573
138.92097,35.36707,573.2
138.92088,35.36706,573.5
138.92079,35.36704,573.9
138.92069,35.36703,574.4
138.9206,35.36703,574.9
138.92052,35.36704,575.4
138.92044,35.36706,575.9
138.92037,35.36708,576.4
138.9203,35.3671,576.9
138.92024,35.36714,577.5
138.92019,35.36717,578
138.92015,35.36721,578.5
138.92011,35.36726,579
138.9200899,35.36731,579.5
138.92008,35.36736,580
138.92007,35.36741,580.5
138.92008,35.36746,581
138.9201,35.36751,581.4
138.92014,35.36756,581.8
138.9201799,35.36761,582
138.92023,35.36765,582.1
138.9203,35.3677,582.2
138.9203599,35.36774,582.2
138.92042,35.36778,582.2
138.92049,35.36782,582.2
138.92056,35.36787,582.2
138.92063,35.36792,582.3
138.9207,35.36797,582.3
138.92078,35.36802,582.3
138.92086,35.36807,582.3
138.92094,35.36812,582.3
138.92102,35.36818,582.3
138.92111,35.3682299,582.3
138.92119,35.36829,582.3
138.92127,35.36835,582.3
138.92136,35.36841,582.3
138.92145,35.36847,582.3
138.92153,35.36853,582.3
138.92162,35.36859,582.3
138.9216999,35.36865,582.3
138.9217899,35.36872,582.3
138.9218799,35.36878,582.3
138.9219699,35.36885,582.3
138.9220599,35.36891,582.3
138.9221499,35.36897,582.3
138.9222399,35.36903,582.3
138.92234,35.3691,582.3
138.92244,35.36916,582.3
138.92253,35.36923,582.3
138.92264,35.3693,582.3
138.92273,35.36936,582.3
138.92283,35.36943,582.3
138.92293,35.3695,582.3
138.92303,35.36956,582.3
138.9231299,35.36963,582.3
138.92323,35.36969,582.3
138.92333,35.36976,582.3
138.92343,35.36983,582.3
138.92353,35.36989,582.3
138.92363,35.36996,582.3
138.92373,35.3700199,582.3
138.92383,35.37009,582.3
138.92393,35.37016,582.3
138.9240299,35.37022,582.3
138.92413,35.37029,582.3
138.92424,35.37036,582.3
138.92434,35.37042,582.3
138.92444,35.3704899,582.3
138.92455,35.37056,582.3
138.92465,35.37063,582.3
138.92476,35.37069,582.3
138.92486,35.37076,582.3
138.92497,35.37083,582.3
138.92512,35.37092,582.3
138.9252,35.37097,582.3
138.9253,35.37104,582.3
138.92541,35.37111,582.3
138.92551,35.37118,582.3
138.92562,35.37124,582.3
138.9257299,35.37131,582.3
138.92583,35.37138,582.3
138.92593,35.37145,582.3
138.92603,35.37151,582.3
138.92613,35.37158,582.3
138.92623,35.37165,582.3
138.92634,35.37171,582.3
138.92644,35.37178,582.3
138.92654,35.37185,582.3
138.92665,35.37191,582.3
138.92675,35.37198,582.3
138.92685,35.37204,582.3
138.92695,35.37211,582.3
138.92705,35.37218,582.3
138.9271599,35.37224,582.3
138.92726,35.37231,582.3
138.92737,35.37238,582.3
138.92748,35.37244,582.3
138.92758,35.3725122,582.3